,Transaction ID,Date,Customer ID,Gender,Age,Product Category,Quantity,Price per Unit,Total Amount,Normalized Sales,Category
0,1,2023-11-24,CUST001,Male,34,Beauty,3,50,150,0.06329113924050633,Madium
1,2,2023-02-27,CUST002,Female,26,Clothing,2,500,1000,0.4936708860759494,High
2,3,2023-01-13,CUST003,Male,50,Electronics,1,30,30,0.002531645569620253,Low
3,4,2023-05-21,CUST004,Male,37,Clothing,1,500,500,0.24050632911392406,Madium
4,5,2023-05-06,CUST005,Male,30,Beauty,2,50,100,0.0379746835443038,Low
5,6,2023-04-25,CUST006,Female,45,Beauty,1,30,30,0.002531645569620253,Low
6,7,2023-03-13,CUST007,Male,46,Clothing,2,25,50,0.012658227848101266,Low
7,8,2023-02-22,CUST008,Male,30,Electronics,4,25,100,0.0379746835443038,Low
8,9,2023-12-13,CUST009,Male,63,Electronics,2,300,600,0.2911392405063291,
9,10,2023-10-07,CUST010,Female,52,Clothing,4,50,200,0.08860759493670886,Madium
10,11,2023-02-14,CUST011,Male,23,Clothing,2,50,100,0.0379746835443038,Low
11,12,2023-10-30,CUST012,Male,35,Beauty,3,25,75,0.02531645569620253,Low
12,13,2023-08-05,CUST013,Male,22,Electronics,3,500,1500,0.7468354430379747,High
13,14,2023-01-17,CUST014,Male,64,Clothing,4,30,120,0.04810126582278481,Madium
14,15,2023-01-16,CUST015,Female,42,Electronics,4,500,2000,1.0,High
15,16,2023-02-17,CUST016,Male,19,Clothing,3,500,1500,0.7468354430379747,High
16,17,2023-04-22,CUST017,Female,27,Clothing,4,25,100,0.0379746835443038,Low
17,18,2023-04-30,CUST018,Female,47,Electronics,2,25,50,0.012658227848101266,Low
18,19,2023-09-16,CUST019,Female,62,Clothing,2,25,50,0.012658227848101266,Low
19,20,2023-11-05,CUST020,Male,22,Clothing,3,300,900,0.4430379746835443,
20,21,2023-01-14,CUST021,Female,50,Beauty,1,500,500,0.24050632911392406,Madium
21,22,2023-10-15,CUST022,Male,18,Clothing,2,50,100,0.0379746835443038,Low
22,23,2023-04-12,CUST023,Female,35,Clothing,4,30,120,0.04810126582278481,Madium
23,24,2023-11-29,CUST024,Female,49,Clothing,1,300,300,0.13924050632911392,Madium
24,25,2023-12-26,CUST025,Female,64,Beauty,1,50,50,0.012658227848101266,Low
25,26,2023-10-07,CUST026,Female,28,Electronics,2,500,1000,0.4936708860759494,High
26,27,2023-08-03,CUST027,Female,38,Beauty,2,25,50,0.012658227848101266,Low
27,28,2023-04-23,CUST028,Female,43,Beauty,1,500,500,0.24050632911392406,Madium
28,29,2023-08-18,CUST029,Female,42,Electronics,1,30,30,0.002531645569620253,Low
29,30,2023-10-29,CUST030,Female,39,Beauty,3,300,900,0.4430379746835443,
30,31,2023-05-23,CUST031,Male,44,Electronics,4,300,1200,0.5949367088607594,High
31,32,2023-01-04,CUST032,Male,30,Beauty,3,30,90,0.03291139240506329,Low
32,33,2023-03-23,CUST033,Female,50,Electronics,2,50,100,0.0379746835443038,Low
33,34,2023-12-24,CUST034,Female,51,Clothing,3,50,150,0.06329113924050633,Madium
34,35,2023-08-05,CUST035,Female,58,Beauty,3,300,900,0.4430379746835443,
35,36,2023-06-24,CUST036,Male,52,Beauty,3,300,900,0.4430379746835443,
36,37,2023-05-23,CUST037,Female,18,Beauty,3,25,75,0.02531645569620253,Low
37,38,2023-03-21,CUST038,Male,38,Beauty,4,50,200,0.08860759493670886,Madium
38,39,2023-04-21,CUST039,Male,23,Clothing,4,30,120,0.04810126582278481,Madium
39,40,2023-06-22,CUST040,Male,45,Beauty,1,50,50,0.012658227848101266,Low
40,41,2023-02-22,CUST041,Male,34,Clothing,2,25,50,0.012658227848101266,Low
41,42,2023-02-17,CUST042,Male,22,Clothing,3,300,900,0.4430379746835443,
42,43,2023-07-14,CUST043,Female,48,Clothing,1,300,300,0.13924050632911392,Madium
43,44,2023-02-19,CUST044,Female,22,Clothing,1,25,25,0.0,Low
44,45,2023-07-03,CUST045,Female,55,Electronics,1,30,30,0.002531645569620253,Low
45,46,2023-06-26,CUST046,Female,20,Electronics,4,300,1200,0.5949367088607594,High
46,47,2023-11-06,CUST047,Female,40,Beauty,3,500,1500,0.7468354430379747,High
47,48,2023-05-16,CUST048,Male,54,Electronics,3,300,900,0.4430379746835443,
48,49,2023-01-23,CUST049,Female,54,Electronics,2,500,1000,0.4936708860759494,High
49,50,2023-08-24,CUST050,Female,27,Beauty,3,25,75,0.02531645569620253,Low
50,51,2023-10-02,CUST051,Male,27,Beauty,3,25,75,0.02531645569620253,Low
51,52,2023-03-05,CUST052,Female,36,Beauty,1,300,300,0.13924050632911392,Madium
52,53,2023-07-13,CUST053,Male,34,Electronics,2,50,100,0.0379746835443038,Low
53,54,2023-02-10,CUST054,Female,38,Electronics,3,500,1500,0.7468354430379747,High
54,55,2023-10-10,CUST055,Male,31,Beauty,4,30,120,0.04810126582278481,Madium
55,56,2023-05-31,CUST056,Female,26,Clothing,3,300,900,0.4430379746835443,
56,57,2023-11-18,CUST057,Female,63,Beauty,1,30,30,0.002531645569620253,Low
57,58,2023-11-13,CUST058,Male,18,Clothing,4,300,1200,0.5949367088607594,High
58,59,2023-07-05,CUST059,Male,62,Clothing,1,50,50,0.012658227848101266,Low
59,60,2023-10-23,CUST060,Male,30,Beauty,3,50,150,0.06329113924050633,Madium
60,61,2023-04-09,CUST061,Male,21,Beauty,4,50,200,0.08860759493670886,Madium
61,62,2023-12-27,CUST062,Male,18,Beauty,2,50,100,0.0379746835443038,Low
62,63,2023-02-05,CUST063,Male,57,Electronics,2,25,50,0.012658227848101266,Low
63,64,2023-01-24,CUST064,Male,49,Clothing,4,25,100,0.0379746835443038,Low
64,65,2023-12-05,CUST065,Male,51,Electronics,4,500,2000,1.0,High
65,66,2023-04-27,CUST066,Female,45,Electronics,1,30,30,0.002531645569620253,Low
66,67,2023-05-29,CUST067,Female,48,Beauty,4,300,1200,0.5949367088607594,High
67,68,2023-02-10,CUST068,Male,25,Electronics,1,300,300,0.13924050632911392,Madium
68,69,2023-04-30,CUST069,Female,56,Beauty,3,25,75,0.02531645569620253,Low
69,70,2023-02-21,CUST070,Female,43,Clothing,1,300,300,0.13924050632911392,Madium
70,71,2023-07-14,CUST071,Female,51,Beauty,4,25,100,0.0379746835443038,Low
71,72,2023-05-23,CUST072,Female,20,Electronics,4,500,2000,1.0,High
72,73,2023-08-21,CUST073,Male,29,Electronics,3,30,90,0.03291139240506329,Low
73,74,2023-11-22,CUST074,Female,18,Beauty,4,500,2000,1.0,High
74,75,2023-07-06,CUST075,Male,61,Beauty,4,50,200,0.08860759493670886,Madium
75,76,2023-03-25,CUST076,Female,22,Electronics,2,50,100,0.0379746835443038,Low
76,77,2023-07-09,CUST077,Female,47,Clothing,2,50,100,0.0379746835443038,Low
77,78,2023-07-01,CUST078,Female,47,Clothing,3,500,1500,0.7468354430379747,High
78,79,2023-04-18,CUST079,Male,34,Beauty,1,300,300,0.13924050632911392,Madium
79,80,2023-12-10,CUST080,Female,64,Clothing,2,30,60,0.017721518987341773,Low
80,81,2023-05-17,CUST081,Male,40,Electronics,1,50,50,0.012658227848101266,Low
81,82,2023-12-26,CUST082,Female,32,Beauty,4,50,200,0.08860759493670886,Madium
82,83,2023-12-16,CUST083,Male,54,Electronics,2,50,100,0.0379746835443038,Low
83,84,2023-11-28,CUST084,Female,38,Electronics,3,30,90,0.03291139240506329,Low
84,85,2023-02-06,CUST085,Male,31,Clothing,3,50,150,0.06329113924050633,Madium
85,86,2023-11-08,CUST086,Male,19,Beauty,3,30,90,0.03291139240506329,Low
86,87,2023-11-22,CUST087,Female,28,Beauty,2,50,100,0.0379746835443038,Low
87,88,2023-03-29,CUST088,Male,56,Clothing,1,500,500,0.24050632911392406,Madium
88,89,2023-10-01,CUST089,Female,55,Electronics,4,500,2000,1.0,High
89,90,2023-05-06,CUST090,Female,51,Electronics,1,30,30,0.002531645569620253,Low
90,91,2023-03-25,CUST091,Female,55,Electronics,1,500,500,0.24050632911392406,Madium
91,92,2023-08-25,CUST092,Female,51,Electronics,4,30,120,0.04810126582278481,Madium
92,93,2023-07-14,CUST093,Female,35,Beauty,4,500,2000,1.0,High
93,94,2023-05-19,CUST094,Female,47,Beauty,2,500,1000,0.4936708860759494,High
94,95,2023-11-24,CUST095,Female,32,Clothing,2,30,60,0.017721518987341773,Low
95,96,2023-12-19,CUST096,Female,44,Clothing,2,300,600,0.2911392405063291,
96,97,2023-10-13,CUST097,Female,51,Beauty,2,500,1000,0.4936708860759494,High
97,98,2023-04-23,CUST098,Female,55,Beauty,2,50,100,0.0379746835443038,Low
98,99,2023-12-17,CUST099,Female,50,Electronics,4,300,1200,0.5949367088607594,High
99,100,2023-06-16,CUST100,Male,41,Electronics,1,30,30,0.002531645569620253,Low
100,101,2023-01-29,CUST101,Male,32,Clothing,2,300,600,0.2911392405063291,
101,102,2023-04-28,CUST102,Female,47,Beauty,2,25,50,0.012658227848101266,Low
102,103,2023-01-17,CUST103,Female,59,Clothing,1,25,25,0.0,Low
103,104,2023-06-11,CUST104,Female,34,Beauty,2,500,1000,0.4936708860759494,High
104,105,2023-07-25,CUST105,Female,22,Electronics,1,500,500,0.24050632911392406,Madium
105,106,2023-05-18,CUST106,Female,46,Clothing,1,50,50,0.012658227848101266,Low
106,107,2023-02-03,CUST107,Female,21,Clothing,4,300,1200,0.5949367088607594,High
107,108,2023-04-19,CUST108,Female,27,Beauty,3,25,75,0.02531645569620253,Low
108,109,2023-10-18,CUST109,Female,34,Electronics,4,500,2000,1.0,High
109,110,2023-06-11,CUST110,Male,27,Clothing,3,300,900,0.4430379746835443,
110,111,2023-04-19,CUST111,Female,34,Electronics,3,500,1500,0.7468354430379747,High
111,112,2023-12-02,CUST112,Male,37,Clothing,3,500,1500,0.7468354430379747,High
112,113,2023-09-13,CUST113,Female,41,Electronics,2,25,50,0.012658227848101266,Low
113,114,2023-07-22,CUST114,Female,22,Beauty,4,25,100,0.0379746835443038,Low
114,115,2023-11-26,CUST115,Male,51,Clothing,3,500,1500,0.7468354430379747,High
115,116,2023-08-23,CUST116,Female,23,Clothing,1,30,30,0.002531645569620253,Low
116,117,2023-03-15,CUST117,Male,19,Electronics,2,500,1000,0.4936708860759494,High
117,118,2023-05-16,CUST118,Female,30,Electronics,4,500,2000,1.0,High
118,119,2023-03-13,CUST119,Female,60,Clothing,3,50,150,0.06329113924050633,Madium
119,120,2023-05-07,CUST120,Male,60,Beauty,1,50,50,0.012658227848101266,Low
120,121,2023-10-15,CUST121,Female,28,Electronics,4,50,200,0.08860759493670886,Madium
121,122,2023-10-03,CUST122,Male,64,Electronics,4,30,120,0.04810126582278481,Madium
122,123,2023-05-15,CUST123,Female,40,Electronics,2,30,60,0.017721518987341773,Low
123,124,2023-10-27,CUST124,Male,33,Clothing,4,500,2000,1.0,High
124,125,2023-08-08,CUST125,Male,48,Clothing,2,50,100,0.0379746835443038,Low
125,126,2023-10-26,CUST126,Female,28,Clothing,3,30,90,0.03291139240506329,Low
126,127,2023-07-24,CUST127,Female,33,Clothing,2,25,50,0.012658227848101266,Low
127,128,2023-07-05,CUST128,Male,25,Beauty,1,500,500,0.24050632911392406,Madium
128,129,2023-04-23,CUST129,Female,21,Beauty,2,300,600,0.2911392405063291,
129,130,2023-03-12,CUST130,Female,57,Clothing,1,500,500,0.24050632911392406,Madium
130,131,2023-09-18,CUST131,Female,21,Beauty,2,300,600,0.2911392405063291,
131,132,2023-09-10,CUST132,Male,42,Electronics,4,50,200,0.08860759493670886,Madium
132,133,2023-02-16,CUST133,Male,20,Electronics,3,300,900,0.4430379746835443,
133,134,2023-01-25,CUST134,Male,49,Electronics,1,50,50,0.012658227848101266,Low
134,135,2023-02-26,CUST135,Male,20,Clothing,2,25,50,0.012658227848101266,Low
135,136,2023-03-20,CUST136,Male,44,Electronics,2,300,600,0.2911392405063291,
136,137,2023-11-18,CUST137,Male,46,Beauty,2,500,1000,0.4936708860759494,High
137,138,2023-03-23,CUST138,Male,49,Clothing,4,50,200,0.08860759493670886,Madium
138,139,2023-12-15,CUST139,Male,36,Beauty,4,500,2000,1.0,High
139,140,2023-08-05,CUST140,Male,38,Electronics,1,30,30,0.002531645569620253,Low
140,141,2023-11-02,CUST141,Female,22,Electronics,1,50,50,0.012658227848101266,Low
141,142,2023-02-02,CUST142,Male,35,Electronics,4,300,1200,0.5949367088607594,High
142,143,2023-07-17,CUST143,Female,45,Clothing,1,50,50,0.012658227848101266,Low
143,144,2023-07-15,CUST144,Female,59,Beauty,3,500,1500,0.7468354430379747,High
144,145,2023-11-02,CUST145,Female,39,Clothing,3,25,75,0.02531645569620253,Low
145,146,2023-08-28,CUST146,Male,38,Clothing,4,50,200,0.08860759493670886,Madium
146,147,2023-09-28,CUST147,Male,23,Electronics,1,300,300,0.13924050632911392,Madium
147,148,2023-05-09,CUST148,Male,18,Clothing,2,30,60,0.017721518987341773,Low
148,149,2023-10-11,CUST149,Male,22,Clothing,3,25,75,0.02531645569620253,Low
149,150,2023-01-06,CUST150,Female,58,Electronics,4,30,120,0.04810126582278481,Madium
150,151,2023-12-15,CUST151,Male,29,Clothing,1,50,50,0.012658227848101266,Low
151,152,2023-02-28,CUST152,Male,43,Electronics,4,500,2000,1.0,High
152,153,2023-12-16,CUST153,Male,63,Electronics,2,500,1000,0.4936708860759494,High
153,154,2023-10-02,CUST154,Male,51,Electronics,3,300,900,0.4430379746835443,
154,155,2023-05-17,CUST155,Male,31,Electronics,4,500,2000,1.0,High
155,156,2023-11-25,CUST156,Female,43,Clothing,4,25,100,0.0379746835443038,Low
156,157,2023-06-24,CUST157,Male,62,Electronics,4,500,2000,1.0,High
157,158,2023-02-27,CUST158,Female,44,Electronics,2,300,600,0.2911392405063291,
158,159,2023-05-31,CUST159,Male,26,Clothing,4,50,200,0.08860759493670886,Madium
159,160,2023-08-11,CUST160,Female,43,Clothing,2,50,100,0.0379746835443038,Low
160,161,2023-03-22,CUST161,Male,64,Beauty,2,500,1000,0.4936708860759494,High
161,162,2023-08-21,CUST162,Male,39,Clothing,2,30,60,0.017721518987341773,Low
162,163,2023-01-02,CUST163,Female,64,Clothing,3,50,150,0.06329113924050633,Madium
163,164,2023-05-15,CUST164,Female,47,Beauty,3,500,1500,0.7468354430379747,High
164,165,2023-09-14,CUST165,Female,60,Clothing,4,300,1200,0.5949367088607594,High
165,166,2023-04-02,CUST166,Male,34,Clothing,4,500,2000,1.0,High
166,167,2023-09-17,CUST167,Female,43,Clothing,3,50,150,0.06329113924050633,Madium
167,168,2023-02-24,CUST168,Male,53,Clothing,1,300,300,0.13924050632911392,Madium
168,169,2023-11-17,CUST169,Male,18,Beauty,3,500,1500,0.7468354430379747,High
169,170,2023-06-02,CUST170,Female,25,Clothing,2,25,50,0.012658227848101266,Low
170,171,2023-11-24,CUST171,Female,52,Clothing,3,300,900,0.4430379746835443,
171,172,2023-09-17,CUST172,Male,32,Beauty,2,25,50,0.012658227848101266,Low
172,173,2023-11-08,CUST173,Male,64,Electronics,4,30,120,0.04810126582278481,Madium
173,174,2023-04-12,CUST174,Female,39,Beauty,1,300,300,0.13924050632911392,Madium
174,175,2023-03-20,CUST175,Female,31,Electronics,4,25,100,0.0379746835443038,Low
175,176,2023-07-11,CUST176,Female,43,Beauty,2,50,100,0.0379746835443038,Low
176,177,2023-03-24,CUST177,Male,45,Beauty,2,50,100,0.0379746835443038,Low
177,178,2023-10-04,CUST178,Male,40,Clothing,2,30,60,0.017721518987341773,Low
178,179,2023-09-29,CUST179,Male,31,Electronics,1,300,300,0.13924050632911392,Madium
179,180,2023-01-01,CUST180,Male,41,Clothing,3,300,900,0.4430379746835443,
180,181,2023-11-03,CUST181,Male,19,Electronics,4,300,1200,0.5949367088607594,High
181,182,2023-06-15,CUST182,Male,62,Beauty,4,30,120,0.04810126582278481,Madium
182,183,2023-09-08,CUST183,Female,43,Beauty,3,300,900,0.4430379746835443,
183,184,2023-01-10,CUST184,Male,31,Electronics,4,50,200,0.08860759493670886,Madium
184,185,2023-02-27,CUST185,Male,24,Clothing,1,25,25,0.0,Low
185,186,2023-07-05,CUST186,Male,20,Clothing,4,50,200,0.08860759493670886,Madium
186,187,2023-06-07,CUST187,Female,64,Clothing,2,50,100,0.0379746835443038,Low
187,188,2023-05-03,CUST188,Male,40,Clothing,3,25,75,0.02531645569620253,Low
188,189,2023-01-30,CUST189,Male,63,Beauty,1,50,50,0.012658227848101266,Low
189,190,2023-05-04,CUST190,Female,60,Beauty,3,30,90,0.03291139240506329,Low
190,191,2023-10-18,CUST191,Male,64,Beauty,1,25,25,0.0,Low
191,192,2023-02-10,CUST192,Male,62,Beauty,2,50,100,0.0379746835443038,Low
192,193,2023-02-13,CUST193,Male,35,Beauty,3,500,1500,0.7468354430379747,High
193,194,2023-09-06,CUST194,Male,55,Clothing,4,50,200,0.08860759493670886,Madium
194,195,2023-02-05,CUST195,Male,52,Clothing,1,30,30,0.002531645569620253,Low
195,196,2023-09-30,CUST196,Female,32,Clothing,3,300,900,0.4430379746835443,
196,197,2023-03-06,CUST197,Female,42,Clothing,4,50,200,0.08860759493670886,Madium
197,198,2023-03-07,CUST198,Female,54,Beauty,3,300,900,0.4430379746835443,
198,199,2023-12-04,CUST199,Male,45,Beauty,3,500,1500,0.7468354430379747,High
199,200,2023-09-01,CUST200,Male,27,Beauty,3,50,150,0.06329113924050633,Madium
200,201,2023-10-09,CUST201,Male,56,Electronics,1,25,25,0.0,Low
201,202,2023-03-26,CUST202,Female,34,Clothing,4,300,1200,0.5949367088607594,High
202,203,2023-05-16,CUST203,Male,56,Clothing,2,500,1000,0.4936708860759494,High
203,204,2023-09-28,CUST204,Male,39,Beauty,1,25,25,0.0,Low
204,205,2023-11-07,CUST205,Female,43,Clothing,1,25,25,0.0,Low
205,206,2023-08-05,CUST206,Male,61,Clothing,1,25,25,0.0,Low
206,207,2023-04-19,CUST207,Female,42,Beauty,2,25,50,0.012658227848101266,Low
207,208,2023-10-04,CUST208,Female,34,Electronics,4,50,200,0.08860759493670886,Madium
208,209,2023-12-20,CUST209,Female,30,Electronics,4,50,200,0.08860759493670886,Madium
209,210,2023-04-13,CUST210,Male,37,Electronics,4,50,200,0.08860759493670886,Madium
210,211,2024-01-01,CUST211,Male,42,Beauty,3,500,1500,0.7468354430379747,High
211,212,2023-06-09,CUST212,Male,21,Clothing,3,500,1500,0.7468354430379747,High
212,213,2023-07-24,CUST213,Male,27,Beauty,3,500,1500,0.7468354430379747,High
213,214,2023-12-10,CUST214,Male,20,Beauty,2,30,60,0.017721518987341773,Low
214,215,2023-11-29,CUST215,Male,58,Clothing,3,500,1500,0.7468354430379747,High
215,216,2023-07-11,CUST216,Male,62,Electronics,2,50,100,0.0379746835443038,Low
216,217,2023-08-13,CUST217,Female,35,Electronics,4,50,200,0.08860759493670886,Madium
217,218,2023-09-22,CUST218,Male,64,Beauty,3,30,90,0.03291139240506329,Low
218,219,2023-08-20,CUST219,Female,53,Electronics,3,30,90,0.03291139240506329,Low
219,220,2023-03-03,CUST220,Male,64,Beauty,1,500,500,0.24050632911392406,Madium
220,221,2023-05-07,CUST221,Male,39,Beauty,2,300,600,0.2911392405063291,
221,222,2023-04-26,CUST222,Male,51,Clothing,4,30,120,0.04810126582278481,Madium
222,223,2023-02-02,CUST223,Female,64,Clothing,1,25,25,0.0,Low
223,224,2023-06-23,CUST224,Female,25,Clothing,1,50,50,0.012658227848101266,Low
224,225,2023-01-11,CUST225,Female,57,Beauty,4,25,100,0.0379746835443038,Low
225,226,2023-10-29,CUST226,Female,61,Clothing,1,50,50,0.012658227848101266,Low
226,227,2023-10-11,CUST227,Male,36,Electronics,2,50,100,0.0379746835443038,Low
227,228,2023-04-28,CUST228,Female,59,Electronics,2,30,60,0.017721518987341773,Low
228,229,2023-10-29,CUST229,Male,58,Beauty,3,30,90,0.03291139240506329,Low
229,230,2023-04-23,CUST230,Male,54,Beauty,1,25,25,0.0,Low
230,231,2023-01-04,CUST231,Female,23,Clothing,3,50,150,0.06329113924050633,Madium
231,232,2023-02-06,CUST232,Female,43,Beauty,1,25,25,0.0,Low
232,233,2023-12-29,CUST233,Female,51,Beauty,2,300,600,0.2911392405063291,
233,234,2023-11-20,CUST234,Female,62,Electronics,2,25,50,0.012658227848101266,Low
234,235,2023-01-31,CUST235,Female,23,Electronics,2,500,1000,0.4936708860759494,High
235,236,2023-04-28,CUST236,Female,54,Clothing,1,25,25,0.0,Low
236,237,2023-02-04,CUST237,Female,50,Beauty,2,500,1000,0.4936708860759494,High
237,238,2023-01-17,CUST238,Female,39,Beauty,1,500,500,0.24050632911392406,Madium
238,239,2023-06-19,CUST239,Male,38,Electronics,3,500,1500,0.7468354430379747,High
239,240,2023-02-06,CUST240,Female,23,Beauty,1,300,300,0.13924050632911392,Madium
240,241,2023-09-21,CUST241,Female,23,Electronics,3,25,75,0.02531645569620253,Low
241,242,2023-05-02,CUST242,Male,21,Clothing,1,25,25,0.0,Low
242,243,2023-05-23,CUST243,Female,47,Electronics,3,300,900,0.4430379746835443,
243,244,2023-12-09,CUST244,Male,28,Beauty,2,50,100,0.0379746835443038,Low
244,245,2023-09-06,CUST245,Male,47,Clothing,3,30,90,0.03291139240506329,Low
245,246,2023-04-20,CUST246,Female,48,Electronics,2,25,50,0.012658227848101266,Low
246,247,2023-10-04,CUST247,Male,41,Electronics,2,30,60,0.017721518987341773,Low
247,248,2023-03-09,CUST248,Male,26,Clothing,3,300,900,0.4430379746835443,
248,249,2023-10-20,CUST249,Male,20,Clothing,1,50,50,0.012658227848101266,Low
249,250,2023-10-23,CUST250,Male,48,Electronics,1,50,50,0.012658227848101266,Low
250,251,2023-08-31,CUST251,Female,57,Beauty,4,50,200,0.08860759493670886,Madium
251,252,2023-05-05,CUST252,Male,54,Electronics,1,300,300,0.13924050632911392,Madium
252,253,2023-08-31,CUST253,Female,53,Clothing,4,500,2000,1.0,High
253,254,2023-07-28,CUST254,Male,41,Electronics,1,500,500,0.24050632911392406,Madium
254,255,2023-04-08,CUST255,Male,48,Clothing,1,30,30,0.002531645569620253,Low
255,256,2023-02-18,CUST256,Male,23,Clothing,2,500,1000,0.4936708860759494,High
256,257,2023-02-19,CUST257,Male,19,Beauty,4,500,2000,1.0,High
257,258,2023-12-04,CUST258,Female,37,Clothing,1,50,50,0.012658227848101266,Low
258,259,2023-08-09,CUST259,Female,45,Clothing,4,50,200,0.08860759493670886,Madium
259,260,2023-07-01,CUST260,Male,28,Beauty,2,30,60,0.017721518987341773,Low
260,261,2023-08-05,CUST261,Male,21,Clothing,2,25,50,0.012658227848101266,Low
261,262,2023-07-30,CUST262,Female,32,Beauty,4,30,120,0.04810126582278481,Madium
262,263,2023-08-28,CUST263,Male,23,Beauty,2,30,60,0.017721518987341773,Low
263,264,2023-01-28,CUST264,Male,47,Clothing,3,300,900,0.4430379746835443,
264,265,2023-12-11,CUST265,Male,55,Clothing,3,300,900,0.4430379746835443,
265,266,2023-12-01,CUST266,Female,19,Electronics,2,30,60,0.017721518987341773,Low
266,267,2023-11-27,CUST267,Female,32,Beauty,3,30,90,0.03291139240506329,Low
267,268,2023-02-20,CUST268,Female,28,Electronics,1,30,30,0.002531645569620253,Low
268,269,2023-02-01,CUST269,Male,25,Clothing,4,500,2000,1.0,High
269,270,2023-07-26,CUST270,Male,43,Electronics,1,300,300,0.13924050632911392,Madium
270,271,2023-06-23,CUST271,Female,62,Beauty,4,30,120,0.04810126582278481,Madium
271,272,2023-02-25,CUST272,Female,61,Electronics,2,50,100,0.0379746835443038,Low
272,273,2023-05-08,CUST273,Female,22,Beauty,1,50,50,0.012658227848101266,Low
273,274,2023-04-09,CUST274,Female,23,Clothing,2,500,1000,0.4936708860759494,High
274,275,2023-04-08,CUST275,Male,43,Clothing,2,500,1000,0.4936708860759494,High
275,276,2023-10-02,CUST276,Female,21,Beauty,4,25,100,0.0379746835443038,Low
276,277,2023-08-18,CUST277,Male,36,Clothing,4,25,100,0.0379746835443038,Low
277,278,2023-03-13,CUST278,Female,37,Clothing,4,25,100,0.0379746835443038,Low
278,279,2023-08-05,CUST279,Male,50,Clothing,1,500,500,0.24050632911392406,Madium
279,280,2023-04-04,CUST280,Female,37,Clothing,3,500,1500,0.7468354430379747,High
280,281,2023-05-23,CUST281,Female,29,Beauty,4,500,2000,1.0,High
281,282,2023-08-25,CUST282,Female,64,Electronics,4,50,200,0.08860759493670886,Madium
282,283,2023-05-08,CUST283,Female,18,Electronics,1,500,500,0.24050632911392406,Madium
283,284,2023-02-08,CUST284,Male,43,Clothing,4,50,200,0.08860759493670886,Madium
284,285,2023-08-15,CUST285,Female,31,Electronics,1,25,25,0.0,Low
285,286,2023-10-09,CUST286,Male,55,Electronics,2,25,50,0.012658227848101266,Low
286,287,2023-02-20,CUST287,Male,54,Clothing,4,25,100,0.0379746835443038,Low
287,288,2023-01-26,CUST288,Male,28,Clothing,4,30,120,0.04810126582278481,Madium
288,289,2023-11-30,CUST289,Male,53,Electronics,2,30,60,0.017721518987341773,Low
289,290,2023-10-04,CUST290,Female,30,Beauty,2,300,600,0.2911392405063291,
290,291,2023-01-08,CUST291,Male,60,Clothing,2,300,600,0.2911392405063291,
291,292,2023-02-17,CUST292,Male,20,Beauty,4,300,1200,0.5949367088607594,High
292,293,2023-05-02,CUST293,Male,50,Electronics,3,30,90,0.03291139240506329,Low
293,294,2023-03-27,CUST294,Female,23,Clothing,3,30,90,0.03291139240506329,Low
294,295,2023-07-28,CUST295,Female,27,Beauty,3,300,900,0.4430379746835443,
295,296,2023-09-06,CUST296,Female,22,Clothing,4,300,1200,0.5949367088607594,High
296,297,2023-09-04,CUST297,Female,40,Electronics,2,500,1000,0.4936708860759494,High
297,298,2023-04-20,CUST298,Male,27,Beauty,4,300,1200,0.5949367088607594,High
298,299,2023-07-25,CUST299,Male,61,Electronics,2,500,1000,0.4936708860759494,High
299,300,2023-01-31,CUST300,Female,19,Electronics,4,50,200,0.08860759493670886,Madium
300,301,2023-03-26,CUST301,Male,30,Clothing,4,30,120,0.04810126582278481,Madium
301,302,2023-07-14,CUST302,Male,57,Beauty,2,300,600,0.2911392405063291,
302,303,2023-01-02,CUST303,Male,19,Electronics,3,30,90,0.03291139240506329,Low
303,304,2023-07-19,CUST304,Female,37,Electronics,2,30,60,0.017721518987341773,Low
304,305,2023-05-16,CUST305,Female,18,Beauty,1,30,30,0.002531645569620253,Low
305,306,2023-08-21,CUST306,Male,54,Electronics,1,50,50,0.012658227848101266,Low
306,307,2023-05-27,CUST307,Female,26,Electronics,2,25,50,0.012658227848101266,Low
307,308,2023-08-05,CUST308,Female,34,Beauty,4,300,1200,0.5949367088607594,High
308,309,2023-12-23,CUST309,Female,26,Beauty,1,25,25,0.0,Low
309,310,2023-10-12,CUST310,Female,28,Beauty,1,25,25,0.0,Low
310,311,2023-12-05,CUST311,Female,32,Beauty,4,25,100,0.0379746835443038,Low
311,312,2023-09-07,CUST312,Male,41,Clothing,4,30,120,0.04810126582278481,Madium
312,313,2023-03-21,CUST313,Female,55,Beauty,3,500,1500,0.7468354430379747,High
313,314,2023-04-08,CUST314,Male,52,Clothing,4,30,120,0.04810126582278481,Madium
314,315,2023-06-01,CUST315,Male,47,Clothing,2,30,60,0.017721518987341773,Low
315,316,2023-04-22,CUST316,Female,48,Clothing,2,25,50,0.012658227848101266,Low
316,317,2023-01-30,CUST317,Male,22,Electronics,3,30,90,0.03291139240506329,Low
317,318,2023-10-24,CUST318,Male,61,Clothing,1,25,25,0.0,Low
318,319,2023-10-05,CUST319,Male,31,Clothing,1,500,500,0.24050632911392406,Madium
319,320,2023-02-01,CUST320,Female,28,Electronics,4,300,1200,0.5949367088607594,High
320,321,2023-06-10,CUST321,Female,26,Electronics,2,25,50,0.012658227848101266,Low
321,322,2023-01-30,CUST322,Male,51,Electronics,1,500,500,0.24050632911392406,Madium
322,323,2023-01-26,CUST323,Female,29,Beauty,3,300,900,0.4430379746835443,
323,324,2023-10-27,CUST324,Female,52,Electronics,3,50,150,0.06329113924050633,Madium
324,325,2023-09-02,CUST325,Female,52,Electronics,2,25,50,0.012658227848101266,Low
325,326,2023-09-15,CUST326,Female,18,Clothing,3,25,75,0.02531645569620253,Low
326,327,2023-09-29,CUST327,Male,57,Electronics,3,50,150,0.06329113924050633,Madium
327,328,2023-03-22,CUST328,Male,39,Beauty,2,50,100,0.0379746835443038,Low
328,329,2023-01-30,CUST329,Female,46,Electronics,4,25,100,0.0379746835443038,Low
329,330,2023-09-18,CUST330,Female,25,Beauty,4,50,200,0.08860759493670886,Madium
330,331,2023-02-11,CUST331,Male,28,Electronics,3,30,90,0.03291139240506329,Low
331,332,2023-04-06,CUST332,Male,58,Electronics,4,300,1200,0.5949367088607594,High
332,333,2023-02-05,CUST333,Female,54,Electronics,4,300,1200,0.5949367088607594,High
333,334,2023-11-01,CUST334,Male,31,Electronics,3,300,900,0.4430379746835443,
334,335,2023-02-04,CUST335,Female,47,Beauty,4,30,120,0.04810126582278481,Madium
335,336,2023-12-12,CUST336,Female,52,Beauty,3,50,150,0.06329113924050633,Madium
336,337,2023-05-01,CUST337,Male,38,Clothing,1,500,500,0.24050632911392406,Madium
337,338,2023-07-26,CUST338,Male,54,Beauty,2,50,100,0.0379746835443038,Low
338,339,2023-03-03,CUST339,Female,22,Electronics,2,25,50,0.012658227848101266,Low
339,340,2023-10-19,CUST340,Female,36,Clothing,4,300,1200,0.5949367088607594,High
340,341,2023-05-07,CUST341,Male,31,Clothing,4,50,200,0.08860759493670886,Madium
341,342,2023-10-24,CUST342,Female,43,Clothing,4,500,2000,1.0,High
342,343,2023-11-01,CUST343,Male,21,Electronics,2,25,50,0.012658227848101266,Low
343,344,2023-01-21,CUST344,Female,42,Beauty,1,30,30,0.002531645569620253,Low
344,345,2023-11-14,CUST345,Male,62,Electronics,1,30,30,0.002531645569620253,Low
345,346,2023-02-11,CUST346,Male,59,Clothing,2,500,1000,0.4936708860759494,High
346,347,2023-08-03,CUST347,Male,42,Electronics,1,25,25,0.0,Low
347,348,2023-12-03,CUST348,Female,35,Electronics,2,300,600,0.2911392405063291,
348,349,2023-10-26,CUST349,Female,57,Beauty,1,50,50,0.012658227848101266,Low
349,350,2023-10-17,CUST350,Male,25,Beauty,3,25,75,0.02531645569620253,Low
350,351,2023-09-25,CUST351,Female,56,Clothing,3,30,90,0.03291139240506329,Low
351,352,2023-06-11,CUST352,Male,57,Electronics,2,500,1000,0.4936708860759494,High
352,353,2023-05-14,CUST353,Male,31,Electronics,1,500,500,0.24050632911392406,Madium
353,354,2023-04-15,CUST354,Female,49,Beauty,4,50,200,0.08860759493670886,Madium
354,355,2023-12-09,CUST355,Female,55,Electronics,1,500,500,0.24050632911392406,Madium
355,356,2023-06-10,CUST356,Male,50,Electronics,3,500,1500,0.7468354430379747,High
356,357,2023-05-03,CUST357,Female,40,Electronics,3,25,75,0.02531645569620253,Low
357,358,2023-05-16,CUST358,Female,32,Beauty,1,300,300,0.13924050632911392,Madium
358,359,2023-07-22,CUST359,Male,50,Clothing,1,50,50,0.012658227848101266,Low
359,360,2023-03-09,CUST360,Male,42,Clothing,4,25,100,0.0379746835443038,Low
360,361,2023-12-10,CUST361,Female,34,Electronics,4,300,1200,0.5949367088607594,High
361,362,2023-11-27,CUST362,Male,50,Clothing,1,25,25,0.0,Low
362,363,2023-06-03,CUST363,Male,64,Beauty,1,25,25,0.0,Low
363,364,2023-08-23,CUST364,Female,19,Beauty,1,500,500,0.24050632911392406,Madium
364,365,2023-06-11,CUST365,Male,31,Clothing,1,300,300,0.13924050632911392,Madium
365,366,2023-02-07,CUST366,Male,57,Clothing,2,50,100,0.0379746835443038,Low
366,367,2023-01-05,CUST367,Female,57,Electronics,1,50,50,0.012658227848101266,Low
367,368,2023-08-23,CUST368,Female,56,Clothing,4,300,1200,0.5949367088607594,High
368,369,2023-11-15,CUST369,Male,23,Electronics,3,500,1500,0.7468354430379747,High
369,370,2023-10-16,CUST370,Male,23,Electronics,2,30,60,0.017721518987341773,Low
370,371,2023-02-21,CUST371,Female,20,Beauty,1,25,25,0.0,Low
371,372,2023-02-07,CUST372,Female,24,Beauty,3,500,1500,0.7468354430379747,High
372,373,2023-10-03,CUST373,Female,25,Beauty,2,300,600,0.2911392405063291,
373,374,2023-04-20,CUST374,Female,59,Beauty,3,25,75,0.02531645569620253,Low
374,375,2023-09-17,CUST375,Male,32,Clothing,1,50,50,0.012658227848101266,Low
375,376,2023-05-16,CUST376,Female,64,Beauty,1,30,30,0.002531645569620253,Low
376,377,2023-03-09,CUST377,Female,46,Clothing,4,50,200,0.08860759493670886,Madium
377,378,2023-06-28,CUST378,Male,50,Beauty,1,300,300,0.13924050632911392,Madium
378,379,2023-02-05,CUST379,Female,47,Clothing,1,25,25,0.0,Low
379,380,2023-05-06,CUST380,Male,56,Electronics,2,300,600,0.2911392405063291,
380,381,2023-07-09,CUST381,Female,44,Clothing,4,25,100,0.0379746835443038,Low
381,382,2023-05-26,CUST382,Female,53,Clothing,2,500,1000,0.4936708860759494,High
382,383,2023-03-22,CUST383,Female,46,Beauty,3,30,90,0.03291139240506329,Low
383,384,2023-08-13,CUST384,Male,55,Clothing,1,500,500,0.24050632911392406,Madium
384,385,2023-10-06,CUST385,Male,50,Electronics,3,500,1500,0.7468354430379747,High
385,386,2023-12-27,CUST386,Female,54,Electronics,2,300,600,0.2911392405063291,
386,387,2023-06-04,CUST387,Male,44,Beauty,1,30,30,0.002531645569620253,Low
387,388,2023-11-10,CUST388,Male,50,Electronics,1,25,25,0.0,Low
388,389,2023-12-01,CUST389,Male,21,Clothing,2,25,50,0.012658227848101266,Low
389,390,2023-09-28,CUST390,Male,39,Electronics,2,50,100,0.0379746835443038,Low
390,391,2023-01-05,CUST391,Male,19,Beauty,2,25,50,0.012658227848101266,Low
391,392,2023-12-08,CUST392,Male,27,Clothing,2,300,600,0.2911392405063291,
392,393,2023-10-11,CUST393,Female,22,Beauty,2,500,1000,0.4936708860759494,High
393,394,2023-06-03,CUST394,Female,27,Clothing,1,500,500,0.24050632911392406,Madium
394,395,2023-12-06,CUST395,Male,50,Electronics,2,500,1000,0.4936708860759494,High
395,396,2023-02-23,CUST396,Female,55,Beauty,1,30,30,0.002531645569620253,Low
396,397,2023-03-10,CUST397,Female,30,Beauty,1,25,25,0.0,Low
397,398,2023-05-16,CUST398,Female,48,Clothing,2,300,600,0.2911392405063291,
398,399,2023-03-01,CUST399,Female,64,Beauty,2,30,60,0.017721518987341773,Low
399,400,2023-02-24,CUST400,Male,53,Clothing,4,50,200,0.08860759493670886,Madium
400,401,2023-10-11,CUST401,Female,62,Clothing,1,300,300,0.13924050632911392,Madium
401,402,2023-03-21,CUST402,Female,41,Clothing,2,300,600,0.2911392405063291,
402,403,2023-05-20,CUST403,Male,32,Clothing,2,300,600,0.2911392405063291,
403,404,2023-05-25,CUST404,Male,46,Electronics,2,500,1000,0.4936708860759494,High
404,405,2023-11-06,CUST405,Female,25,Clothing,4,300,1200,0.5949367088607594,High
405,406,2023-04-18,CUST406,Female,22,Beauty,4,25,100,0.0379746835443038,Low
406,407,2023-06-25,CUST407,Female,46,Electronics,3,300,900,0.4430379746835443,
407,408,2023-04-15,CUST408,Female,64,Beauty,1,500,500,0.24050632911392406,Madium
408,409,2023-12-18,CUST409,Female,21,Electronics,3,300,900,0.4430379746835443,
409,410,2023-11-21,CUST410,Female,29,Clothing,2,50,100,0.0379746835443038,Low
410,411,2023-05-16,CUST411,Male,62,Electronics,4,50,200,0.08860759493670886,Madium
411,412,2023-09-16,CUST412,Female,19,Electronics,4,500,2000,1.0,High
412,413,2023-09-08,CUST413,Female,44,Beauty,3,25,75,0.02531645569620253,Low
413,414,2023-05-09,CUST414,Male,48,Beauty,4,25,100,0.0379746835443038,Low
414,415,2023-01-27,CUST415,Male,53,Clothing,2,30,60,0.017721518987341773,Low
415,416,2023-02-17,CUST416,Male,53,Electronics,4,500,2000,1.0,High
416,417,2023-11-21,CUST417,Male,43,Electronics,3,300,900,0.4430379746835443,
417,418,2023-08-05,CUST418,Female,60,Electronics,2,500,1000,0.4936708860759494,High
418,419,2023-05-22,CUST419,Female,44,Clothing,3,30,90,0.03291139240506329,Low
419,420,2023-01-23,CUST420,Female,22,Clothing,4,500,2000,1.0,High
420,421,2023-01-02,CUST421,Female,37,Clothing,3,500,1500,0.7468354430379747,High
421,422,2023-06-20,CUST422,Female,28,Clothing,3,30,90,0.03291139240506329,Low
422,423,2023-03-08,CUST423,Female,27,Clothing,1,25,25,0.0,Low
423,424,2023-11-23,CUST424,Male,57,Beauty,4,300,1200,0.5949367088607594,High
424,425,2023-05-15,CUST425,Female,55,Electronics,4,30,120,0.04810126582278481,Madium
425,426,2023-03-24,CUST426,Male,23,Electronics,3,50,150,0.06329113924050633,Madium
426,427,2023-08-15,CUST427,Male,25,Electronics,1,25,25,0.0,Low
427,428,2023-10-10,CUST428,Female,40,Electronics,4,50,200,0.08860759493670886,Madium
428,429,2023-12-28,CUST429,Male,64,Electronics,2,25,50,0.012658227848101266,Low
429,430,2023-08-07,CUST430,Female,43,Electronics,3,300,900,0.4430379746835443,
430,431,2023-10-15,CUST431,Male,63,Electronics,4,300,1200,0.5949367088607594,High
431,432,2023-01-05,CUST432,Female,60,Electronics,2,500,1000,0.4936708860759494,High
432,433,2023-02-27,CUST433,Male,29,Beauty,4,50,200,0.08860759493670886,Madium
433,434,2023-02-08,CUST434,Female,43,Electronics,2,25,50,0.012658227848101266,Low
434,435,2023-12-20,CUST435,Female,30,Beauty,3,300,900,0.4430379746835443,
435,436,2023-03-18,CUST436,Female,57,Clothing,4,30,120,0.04810126582278481,Madium
436,437,2023-10-07,CUST437,Female,35,Electronics,4,300,1200,0.5949367088607594,High
437,438,2023-01-19,CUST438,Female,42,Clothing,1,30,30,0.002531645569620253,Low
438,439,2023-07-09,CUST439,Male,50,Clothing,3,25,75,0.02531645569620253,Low
439,440,2023-10-26,CUST440,Male,64,Clothing,2,300,600,0.2911392405063291,
440,441,2023-10-10,CUST441,Male,57,Beauty,4,300,1200,0.5949367088607594,High
441,442,2023-03-17,CUST442,Female,60,Clothing,4,25,100,0.0379746835443038,Low
442,443,2023-08-09,CUST443,Male,29,Clothing,2,300,600,0.2911392405063291,
443,444,2023-03-07,CUST444,Female,61,Clothing,3,30,90,0.03291139240506329,Low
444,445,2023-01-22,CUST445,Female,53,Electronics,1,300,300,0.13924050632911392,Madium
445,446,2023-06-07,CUST446,Male,21,Electronics,1,50,50,0.012658227848101266,Low
446,447,2023-07-06,CUST447,Male,22,Beauty,4,500,2000,1.0,High
447,448,2023-01-21,CUST448,Female,54,Beauty,2,30,60,0.017721518987341773,Low
448,449,2023-07-03,CUST449,Male,25,Electronics,4,50,200,0.08860759493670886,Madium
449,450,2023-04-18,CUST450,Female,59,Beauty,2,25,50,0.012658227848101266,Low
450,451,2023-12-16,CUST451,Female,45,Electronics,1,30,30,0.002531645569620253,Low
451,452,2023-05-08,CUST452,Female,48,Clothing,3,500,1500,0.7468354430379747,High
452,453,2023-12-08,CUST453,Female,26,Clothing,2,500,1000,0.4936708860759494,High
453,454,2023-02-22,CUST454,Female,46,Beauty,1,25,25,0.0,Low
454,455,2023-07-01,CUST455,Male,31,Electronics,4,25,100,0.0379746835443038,Low
455,456,2023-10-14,CUST456,Male,57,Electronics,2,30,60,0.017721518987341773,Low
456,457,2023-07-28,CUST457,Female,58,Beauty,3,300,900,0.4430379746835443,
457,458,2023-11-14,CUST458,Female,39,Electronics,4,25,100,0.0379746835443038,Low
458,459,2023-03-21,CUST459,Male,28,Clothing,4,300,1200,0.5949367088607594,High
459,460,2023-05-02,CUST460,Male,40,Beauty,1,50,50,0.012658227848101266,Low
460,461,2023-03-25,CUST461,Female,18,Beauty,2,500,1000,0.4936708860759494,High
461,462,2023-04-01,CUST462,Male,63,Electronics,4,300,1200,0.5949367088607594,High
462,463,2023-07-31,CUST463,Female,54,Beauty,3,500,1500,0.7468354430379747,High
463,464,2023-01-13,CUST464,Male,38,Electronics,2,300,600,0.2911392405063291,
464,465,2023-04-02,CUST465,Female,43,Electronics,3,50,150,0.06329113924050633,Madium
465,466,2023-06-20,CUST466,Male,63,Electronics,4,25,100,0.0379746835443038,Low
466,467,2023-07-30,CUST467,Female,53,Electronics,3,50,150,0.06329113924050633,Madium
467,468,2023-12-09,CUST468,Male,40,Electronics,1,25,25,0.0,Low
468,469,2023-05-08,CUST469,Male,18,Beauty,3,25,75,0.02531645569620253,Low
469,470,2023-05-17,CUST470,Female,57,Clothing,2,500,1000,0.4936708860759494,High
470,471,2023-03-23,CUST471,Male,32,Clothing,3,50,150,0.06329113924050633,Madium
471,472,2023-12-26,CUST472,Female,38,Beauty,3,300,900,0.4430379746835443,
472,473,2023-02-25,CUST473,Male,64,Beauty,1,50,50,0.012658227848101266,Low
473,474,2023-07-15,CUST474,Female,26,Clothing,3,500,1500,0.7468354430379747,High
474,475,2023-01-20,CUST475,Male,26,Clothing,3,25,75,0.02531645569620253,Low
475,476,2023-08-29,CUST476,Female,27,Clothing,4,500,2000,1.0,High
476,477,2023-04-24,CUST477,Male,43,Clothing,4,30,120,0.04810126582278481,Madium
477,478,2023-04-13,CUST478,Female,58,Clothing,2,30,60,0.017721518987341773,Low
478,479,2023-08-24,CUST479,Male,52,Electronics,4,300,1200,0.5949367088607594,High
479,480,2023-06-29,CUST480,Female,42,Beauty,4,500,2000,1.0,High
480,481,2023-06-06,CUST481,Female,43,Electronics,4,300,1200,0.5949367088607594,High
481,482,2023-04-27,CUST482,Female,28,Clothing,4,300,1200,0.5949367088607594,High
482,483,2023-04-25,CUST483,Male,55,Clothing,1,30,30,0.002531645569620253,Low
483,484,2023-01-13,CUST484,Female,19,Clothing,4,300,1200,0.5949367088607594,High
484,485,2023-12-04,CUST485,Male,24,Electronics,1,30,30,0.002531645569620253,Low
485,486,2023-04-09,CUST486,Female,35,Electronics,1,25,25,0.0,Low
486,487,2023-07-24,CUST487,Male,44,Clothing,4,500,2000,1.0,High
487,488,2023-06-18,CUST488,Female,51,Electronics,3,300,900,0.4430379746835443,
488,489,2023-05-23,CUST489,Male,44,Electronics,1,30,30,0.002531645569620253,Low
489,490,2023-02-05,CUST490,Male,34,Clothing,3,50,150,0.06329113924050633,Madium
490,491,2023-05-23,CUST491,Female,60,Electronics,3,300,900,0.4430379746835443,
491,492,2023-06-29,CUST492,Male,61,Beauty,4,25,100,0.0379746835443038,Low
492,493,2023-11-25,CUST493,Male,41,Beauty,2,25,50,0.012658227848101266,Low
493,494,2023-09-18,CUST494,Female,42,Beauty,4,50,200,0.08860759493670886,Madium
494,495,2023-07-24,CUST495,Male,24,Beauty,2,30,60,0.017721518987341773,Low
495,496,2023-12-14,CUST496,Male,23,Clothing,2,300,600,0.2911392405063291,
496,497,2023-10-02,CUST497,Male,41,Clothing,4,30,120,0.04810126582278481,Madium
497,498,2023-06-19,CUST498,Female,50,Clothing,4,25,100,0.0379746835443038,Low
498,499,2023-01-15,CUST499,Male,46,Beauty,2,30,60,0.017721518987341773,Low
499,500,2023-03-01,CUST500,Female,60,Beauty,4,25,100,0.0379746835443038,Low
500,501,2023-05-14,CUST501,Male,39,Electronics,2,30,60,0.017721518987341773,Low
501,502,2023-04-02,CUST502,Male,43,Electronics,3,50,150,0.06329113924050633,Madium
502,503,2023-10-25,CUST503,Male,45,Beauty,4,500,2000,1.0,High
503,504,2023-05-16,CUST504,Female,38,Beauty,3,50,150,0.06329113924050633,Madium
504,505,2023-01-20,CUST505,Male,24,Beauty,1,50,50,0.012658227848101266,Low
505,506,2023-02-25,CUST506,Male,34,Beauty,3,500,1500,0.7468354430379747,High
506,507,2023-11-02,CUST507,Female,37,Electronics,3,500,1500,0.7468354430379747,High
507,508,2023-08-11,CUST508,Male,58,Beauty,2,300,600,0.2911392405063291,
508,509,2023-06-26,CUST509,Female,37,Electronics,3,300,900,0.4430379746835443,
509,510,2023-06-10,CUST510,Female,39,Beauty,4,50,200,0.08860759493670886,Madium
510,511,2023-08-12,CUST511,Male,45,Beauty,2,50,100,0.0379746835443038,Low
511,512,2023-11-07,CUST512,Female,57,Beauty,1,25,25,0.0,Low
512,513,2023-09-19,CUST513,Male,24,Electronics,4,25,100,0.0379746835443038,Low
513,514,2023-03-01,CUST514,Female,18,Electronics,1,300,300,0.13924050632911392,Madium
514,515,2023-07-17,CUST515,Female,49,Clothing,3,300,900,0.4430379746835443,
515,516,2023-10-23,CUST516,Male,30,Beauty,4,25,100,0.0379746835443038,Low
516,517,2023-04-08,CUST517,Female,47,Clothing,4,25,100,0.0379746835443038,Low
517,518,2023-05-11,CUST518,Female,40,Clothing,1,30,30,0.002531645569620253,Low
518,519,2023-01-23,CUST519,Female,36,Electronics,4,30,120,0.04810126582278481,Madium
519,520,2023-12-29,CUST520,Female,49,Electronics,4,25,100,0.0379746835443038,Low
520,521,2023-08-12,CUST521,Female,47,Clothing,4,30,120,0.04810126582278481,Madium
521,522,2023-01-01,CUST522,Male,46,Beauty,3,500,1500,0.7468354430379747,High
522,523,2023-09-24,CUST523,Female,62,Electronics,1,300,300,0.13924050632911392,Madium
523,524,2023-10-03,CUST524,Male,46,Beauty,4,300,1200,0.5949367088607594,High
524,525,2023-12-18,CUST525,Female,47,Beauty,2,25,50,0.012658227848101266,Low
525,526,2023-12-10,CUST526,Male,33,Clothing,2,50,100,0.0379746835443038,Low
526,527,2023-04-11,CUST527,Male,57,Clothing,2,25,50,0.012658227848101266,Low
527,528,2023-07-06,CUST528,Female,36,Clothing,2,30,60,0.017721518987341773,Low
528,529,2023-08-09,CUST529,Female,35,Clothing,3,50,150,0.06329113924050633,Madium
529,530,2023-02-05,CUST530,Female,18,Electronics,4,30,120,0.04810126582278481,Madium
530,531,2023-12-07,CUST531,Male,31,Electronics,1,500,500,0.24050632911392406,Madium
531,532,2023-06-19,CUST532,Female,64,Clothing,4,30,120,0.04810126582278481,Madium
532,533,2023-11-16,CUST533,Male,19,Electronics,3,500,1500,0.7468354430379747,High
533,534,2023-06-10,CUST534,Male,45,Clothing,2,500,1000,0.4936708860759494,High
534,535,2023-12-06,CUST535,Male,47,Beauty,3,30,90,0.03291139240506329,Low
535,536,2023-03-05,CUST536,Female,55,Beauty,4,30,120,0.04810126582278481,Madium
536,537,2023-06-03,CUST537,Female,21,Beauty,1,500,500,0.24050632911392406,Madium
537,538,2023-09-17,CUST538,Male,18,Clothing,3,50,150,0.06329113924050633,Madium
538,539,2023-06-08,CUST539,Male,25,Beauty,1,500,500,0.24050632911392406,Madium
539,540,2023-12-08,CUST540,Female,46,Electronics,3,300,900,0.4430379746835443,
540,541,2023-07-29,CUST541,Male,56,Beauty,1,500,500,0.24050632911392406,Madium
541,542,2023-06-17,CUST542,Female,20,Beauty,1,50,50,0.012658227848101266,Low
542,543,2023-07-26,CUST543,Male,49,Beauty,2,300,600,0.2911392405063291,
543,544,2023-12-23,CUST544,Female,27,Electronics,1,25,25,0.0,Low
544,545,2023-06-01,CUST545,Male,27,Clothing,2,25,50,0.012658227848101266,Low
545,546,2023-10-11,CUST546,Female,36,Electronics,4,50,200,0.08860759493670886,Madium
546,547,2023-03-07,CUST547,Male,63,Clothing,4,500,2000,1.0,High
547,548,2023-04-09,CUST548,Female,51,Clothing,2,30,60,0.017721518987341773,Low
548,549,2023-08-04,CUST549,Female,50,Beauty,2,50,100,0.0379746835443038,Low
549,550,2023-12-07,CUST550,Male,40,Clothing,3,300,900,0.4430379746835443,
550,551,2023-07-14,CUST551,Male,45,Electronics,3,300,900,0.4430379746835443,
551,552,2023-12-13,CUST552,Female,49,Electronics,3,25,75,0.02531645569620253,Low
552,553,2023-03-31,CUST553,Male,24,Clothing,4,300,1200,0.5949367088607594,High
553,554,2023-11-12,CUST554,Female,46,Beauty,3,50,150,0.06329113924050633,Madium
554,555,2023-10-19,CUST555,Male,25,Beauty,1,300,300,0.13924050632911392,Madium
555,556,2023-06-04,CUST556,Female,18,Electronics,1,50,50,0.012658227848101266,Low
556,557,2023-07-27,CUST557,Female,20,Beauty,3,30,90,0.03291139240506329,Low
557,558,2023-10-08,CUST558,Female,41,Clothing,1,25,25,0.0,Low
558,559,2023-01-01,CUST559,Female,40,Clothing,4,300,1200,0.5949367088607594,High
559,560,2023-06-05,CUST560,Female,25,Electronics,1,50,50,0.012658227848101266,Low
560,561,2023-05-27,CUST561,Female,64,Clothing,4,500,2000,1.0,High
561,562,2023-04-18,CUST562,Male,54,Electronics,2,25,50,0.012658227848101266,Low
562,563,2023-08-09,CUST563,Male,20,Clothing,2,30,60,0.017721518987341773,Low
563,564,2023-10-24,CUST564,Male,50,Electronics,2,50,100,0.0379746835443038,Low
564,565,2023-11-07,CUST565,Female,45,Beauty,2,30,60,0.017721518987341773,Low
565,566,2023-12-02,CUST566,Female,64,Clothing,1,30,30,0.002531645569620253,Low
566,567,2023-06-14,CUST567,Female,25,Clothing,3,300,900,0.4430379746835443,
567,568,2023-08-27,CUST568,Female,51,Electronics,1,300,300,0.13924050632911392,Madium
568,569,2023-08-15,CUST569,Male,52,Electronics,4,50,200,0.08860759493670886,Madium
569,570,2023-08-15,CUST570,Male,49,Clothing,1,500,500,0.24050632911392406,Madium
570,571,2023-12-12,CUST571,Female,41,Electronics,1,50,50,0.012658227848101266,Low
571,572,2023-04-20,CUST572,Male,31,Clothing,4,500,2000,1.0,High
572,573,2023-09-19,CUST573,Male,49,Beauty,2,30,60,0.017721518987341773,Low
573,574,2023-08-31,CUST574,Female,63,Electronics,2,25,50,0.012658227848101266,Low
574,575,2023-03-28,CUST575,Male,60,Clothing,2,50,100,0.0379746835443038,Low
575,576,2023-12-04,CUST576,Female,33,Beauty,3,50,150,0.06329113924050633,Madium
576,577,2023-02-13,CUST577,Male,21,Beauty,4,500,2000,1.0,High
577,578,2023-05-26,CUST578,Female,54,Clothing,4,30,120,0.04810126582278481,Madium
578,579,2023-09-21,CUST579,Female,38,Electronics,1,30,30,0.002531645569620253,Low
579,580,2023-12-06,CUST580,Female,31,Clothing,3,500,1500,0.7468354430379747,High
580,581,2023-11-21,CUST581,Female,48,Beauty,2,30,60,0.017721518987341773,Low
581,582,2023-11-14,CUST582,Male,35,Clothing,3,300,900,0.4430379746835443,
582,583,2023-06-21,CUST583,Female,24,Electronics,4,25,100,0.0379746835443038,Low
583,584,2023-02-17,CUST584,Female,27,Beauty,4,50,200,0.08860759493670886,Madium
584,585,2023-05-01,CUST585,Female,24,Clothing,1,25,25,0.0,Low
585,586,2023-12-11,CUST586,Male,50,Electronics,1,50,50,0.012658227848101266,Low
586,587,2023-06-08,CUST587,Female,40,Beauty,4,300,1200,0.5949367088607594,High
587,588,2023-04-26,CUST588,Male,38,Electronics,2,30,60,0.017721518987341773,Low
588,589,2023-04-12,CUST589,Female,36,Beauty,2,500,1000,0.4936708860759494,High
589,590,2023-03-17,CUST590,Male,36,Clothing,3,300,900,0.4430379746835443,
590,591,2023-01-13,CUST591,Male,53,Electronics,4,25,100,0.0379746835443038,Low
591,592,2023-01-24,CUST592,Female,46,Beauty,4,500,2000,1.0,High
592,593,2023-05-06,CUST593,Male,35,Electronics,2,30,60,0.017721518987341773,Low
593,594,2023-09-01,CUST594,Female,19,Electronics,2,300,600,0.2911392405063291,
594,595,2023-11-09,CUST595,Female,18,Clothing,4,500,2000,1.0,High
595,596,2023-02-07,CUST596,Female,64,Electronics,1,300,300,0.13924050632911392,Madium
596,597,2023-08-22,CUST597,Male,22,Beauty,4,300,1200,0.5949367088607594,High
597,598,2023-08-01,CUST598,Male,37,Beauty,4,30,120,0.04810126582278481,Madium
598,599,2023-11-19,CUST599,Female,28,Beauty,2,50,100,0.0379746835443038,Low
599,600,2023-10-22,CUST600,Female,59,Beauty,2,500,1000,0.4936708860759494,High
600,601,2023-04-10,CUST601,Male,19,Clothing,1,30,30,0.002531645569620253,Low
601,602,2023-12-23,CUST602,Female,20,Electronics,1,300,300,0.13924050632911392,Madium
602,603,2023-07-16,CUST603,Female,40,Clothing,3,30,90,0.03291139240506329,Low
603,604,2023-09-11,CUST604,Female,29,Electronics,4,50,200,0.08860759493670886,Madium
604,605,2023-07-24,CUST605,Male,37,Electronics,2,500,1000,0.4936708860759494,High
605,606,2023-05-05,CUST606,Male,22,Electronics,1,50,50,0.012658227848101266,Low
606,607,2023-03-17,CUST607,Male,54,Clothing,3,25,75,0.02531645569620253,Low
607,608,2023-12-02,CUST608,Female,55,Electronics,3,500,1500,0.7468354430379747,High
608,609,2023-12-19,CUST609,Female,47,Clothing,2,50,100,0.0379746835443038,Low
609,610,2023-01-03,CUST610,Female,26,Beauty,2,300,600,0.2911392405063291,
610,611,2023-02-24,CUST611,Male,51,Beauty,3,500,1500,0.7468354430379747,High
611,612,2023-08-06,CUST612,Female,61,Electronics,1,500,500,0.24050632911392406,Madium
612,613,2023-04-23,CUST613,Female,52,Clothing,3,30,90,0.03291139240506329,Low
613,614,2023-04-01,CUST614,Female,39,Beauty,4,300,1200,0.5949367088607594,High
614,615,2023-12-23,CUST615,Female,61,Clothing,4,25,100,0.0379746835443038,Low
615,616,2023-09-23,CUST616,Male,41,Clothing,2,50,100,0.0379746835443038,Low
616,617,2023-08-26,CUST617,Male,34,Electronics,1,30,30,0.002531645569620253,Low
617,618,2023-01-26,CUST618,Female,27,Beauty,1,50,50,0.012658227848101266,Low
618,619,2023-10-13,CUST619,Male,47,Electronics,4,25,100,0.0379746835443038,Low
619,620,2023-05-08,CUST620,Male,63,Electronics,3,25,75,0.02531645569620253,Low
620,621,2023-03-04,CUST621,Female,40,Beauty,2,500,1000,0.4936708860759494,High
621,622,2023-08-22,CUST622,Female,49,Beauty,3,25,75,0.02531645569620253,Low
622,623,2023-03-10,CUST623,Male,34,Clothing,3,50,150,0.06329113924050633,Madium
623,624,2023-08-26,CUST624,Female,34,Beauty,3,300,900,0.4430379746835443,
624,625,2023-12-08,CUST625,Male,31,Clothing,1,300,300,0.13924050632911392,Madium
625,626,2023-09-29,CUST626,Female,26,Clothing,4,500,2000,1.0,High
626,627,2023-10-14,CUST627,Male,57,Clothing,1,50,50,0.012658227848101266,Low
627,628,2023-11-01,CUST628,Female,19,Beauty,4,50,200,0.08860759493670886,Madium
628,629,2023-06-12,CUST629,Male,62,Electronics,2,25,50,0.012658227848101266,Low
629,630,2023-08-15,CUST630,Male,42,Clothing,2,50,100,0.0379746835443038,Low
630,631,2023-11-10,CUST631,Male,56,Electronics,3,30,90,0.03291139240506329,Low
631,632,2023-09-16,CUST632,Female,26,Electronics,4,25,100,0.0379746835443038,Low
632,633,2023-08-07,CUST633,Male,39,Beauty,4,30,120,0.04810126582278481,Madium
633,634,2023-10-08,CUST634,Male,60,Electronics,4,500,2000,1.0,High
634,635,2023-08-17,CUST635,Female,63,Electronics,3,300,900,0.4430379746835443,
635,636,2023-03-23,CUST636,Female,21,Beauty,3,500,1500,0.7468354430379747,High
636,637,2023-09-01,CUST637,Male,43,Clothing,2,300,600,0.2911392405063291,
637,638,2023-08-19,CUST638,Male,46,Electronics,1,500,500,0.24050632911392406,Madium
638,639,2023-05-13,CUST639,Female,62,Beauty,4,50,200,0.08860759493670886,Madium
639,640,2023-05-07,CUST640,Female,51,Electronics,4,30,120,0.04810126582278481,Madium
640,641,2023-11-23,CUST641,Female,40,Electronics,1,300,300,0.13924050632911392,Madium
641,642,2023-05-22,CUST642,Female,54,Clothing,4,25,100,0.0379746835443038,Low
642,643,2023-09-24,CUST643,Female,28,Electronics,3,30,90,0.03291139240506329,Low
643,644,2023-09-06,CUST644,Male,23,Beauty,3,25,75,0.02531645569620253,Low
644,645,2023-11-17,CUST645,Female,35,Electronics,4,30,120,0.04810126582278481,Madium
645,646,2023-05-03,CUST646,Male,38,Clothing,3,30,90,0.03291139240506329,Low
646,647,2023-05-21,CUST647,Male,59,Clothing,3,500,1500,0.7468354430379747,High
647,648,2023-08-14,CUST648,Male,53,Beauty,4,300,1200,0.5949367088607594,High
648,649,2023-02-09,CUST649,Female,58,Clothing,2,300,600,0.2911392405063291,
649,650,2024-01-01,CUST650,Male,55,Electronics,1,30,30,0.002531645569620253,Low
650,651,2023-05-27,CUST651,Male,51,Clothing,3,50,150,0.06329113924050633,Madium
651,652,2023-05-01,CUST652,Female,34,Beauty,2,50,100,0.0379746835443038,Low
652,653,2023-05-20,CUST653,Male,54,Clothing,3,25,75,0.02531645569620253,Low
653,654,2023-06-21,CUST654,Male,42,Clothing,3,25,75,0.02531645569620253,Low
654,655,2023-06-13,CUST655,Female,55,Clothing,1,500,500,0.24050632911392406,Madium
655,656,2023-10-04,CUST656,Male,29,Beauty,3,30,90,0.03291139240506329,Low
656,657,2023-02-11,CUST657,Male,40,Clothing,1,25,25,0.0,Low
657,658,2023-03-12,CUST658,Male,59,Clothing,1,25,25,0.0,Low
658,659,2023-03-19,CUST659,Female,39,Electronics,1,30,30,0.002531645569620253,Low
659,660,2023-04-29,CUST660,Female,38,Beauty,2,500,1000,0.4936708860759494,High
660,661,2023-07-16,CUST661,Female,44,Clothing,4,25,100,0.0379746835443038,Low
661,662,2023-12-22,CUST662,Male,48,Beauty,2,500,1000,0.4936708860759494,High
662,663,2023-03-20,CUST663,Male,23,Clothing,4,300,1200,0.5949367088607594,High
663,664,2023-12-28,CUST664,Female,44,Clothing,4,500,2000,1.0,High
664,665,2023-04-20,CUST665,Male,57,Clothing,1,50,50,0.012658227848101266,Low
665,666,2023-02-02,CUST666,Male,51,Electronics,3,50,150,0.06329113924050633,Madium
666,667,2023-08-01,CUST667,Female,29,Electronics,1,500,500,0.24050632911392406,Madium
667,668,2023-07-28,CUST668,Female,62,Electronics,3,50,150,0.06329113924050633,Madium
668,669,2023-06-19,CUST669,Male,24,Beauty,4,300,1200,0.5949367088607594,High
669,670,2023-10-05,CUST670,Male,27,Beauty,1,30,30,0.002531645569620253,Low
670,671,2023-08-27,CUST671,Male,62,Electronics,3,50,150,0.06329113924050633,Madium
671,672,2023-08-01,CUST672,Female,34,Beauty,2,50,100,0.0379746835443038,Low
672,673,2023-02-01,CUST673,Female,43,Clothing,3,500,1500,0.7468354430379747,High
673,674,2023-04-16,CUST674,Female,38,Clothing,1,300,300,0.13924050632911392,Madium
674,675,2023-08-04,CUST675,Female,45,Clothing,2,30,60,0.017721518987341773,Low
675,676,2023-07-19,CUST676,Male,63,Electronics,3,500,1500,0.7468354430379747,High
676,677,2023-10-27,CUST677,Female,19,Beauty,3,500,1500,0.7468354430379747,High
677,678,2023-12-23,CUST678,Female,60,Electronics,3,300,900,0.4430379746835443,
678,679,2023-01-11,CUST679,Female,18,Beauty,3,30,90,0.03291139240506329,Low
679,680,2023-10-22,CUST680,Female,53,Clothing,3,300,900,0.4430379746835443,
680,681,2023-07-14,CUST681,Female,43,Electronics,2,30,60,0.017721518987341773,Low
681,682,2023-09-02,CUST682,Male,46,Beauty,4,300,1200,0.5949367088607594,High
682,683,2023-01-04,CUST683,Male,38,Beauty,2,500,1000,0.4936708860759494,High
683,684,2023-06-30,CUST684,Female,28,Clothing,2,500,1000,0.4936708860759494,High
684,685,2023-06-02,CUST685,Male,57,Electronics,2,25,50,0.012658227848101266,Low
685,686,2023-07-19,CUST686,Female,28,Electronics,4,50,200,0.08860759493670886,Madium
686,687,2023-08-03,CUST687,Female,53,Electronics,1,300,300,0.13924050632911392,Madium
687,688,2023-10-03,CUST688,Male,56,Clothing,4,25,100,0.0379746835443038,Low
688,689,2023-10-07,CUST689,Male,57,Electronics,2,50,100,0.0379746835443038,Low
689,690,2023-11-05,CUST690,Female,52,Clothing,3,300,900,0.4430379746835443,
690,691,2023-04-23,CUST691,Female,51,Clothing,3,30,90,0.03291139240506329,Low
691,692,2023-09-07,CUST692,Female,64,Clothing,2,50,100,0.0379746835443038,Low
692,693,2023-04-23,CUST693,Male,41,Beauty,3,500,1500,0.7468354430379747,High
693,694,2023-05-20,CUST694,Female,39,Electronics,2,25,50,0.012658227848101266,Low
694,695,2023-08-12,CUST695,Female,22,Electronics,3,50,150,0.06329113924050633,Madium
695,696,2023-09-06,CUST696,Female,50,Clothing,4,50,200,0.08860759493670886,Madium
696,697,2023-01-15,CUST697,Male,53,Clothing,1,500,500,0.24050632911392406,Madium
697,698,2023-07-19,CUST698,Female,64,Electronics,1,300,300,0.13924050632911392,Madium
698,699,2023-06-22,CUST699,Female,37,Clothing,4,30,120,0.04810126582278481,Madium
699,700,2023-12-09,CUST700,Male,36,Electronics,4,500,2000,1.0,High
700,701,2023-12-14,CUST701,Female,52,Beauty,2,30,60,0.017721518987341773,Low
701,702,2023-07-27,CUST702,Female,60,Clothing,2,300,600,0.2911392405063291,
702,703,2023-03-26,CUST703,Male,34,Electronics,2,50,100,0.0379746835443038,Low
703,704,2023-08-28,CUST704,Female,62,Clothing,3,30,90,0.03291139240506329,Low
704,705,2023-03-07,CUST705,Male,60,Electronics,2,25,50,0.012658227848101266,Low
705,706,2023-11-15,CUST706,Male,51,Electronics,4,25,100,0.0379746835443038,Low
706,707,2023-10-01,CUST707,Female,26,Clothing,1,500,500,0.24050632911392406,Madium
707,708,2023-01-14,CUST708,Female,43,Beauty,3,300,900,0.4430379746835443,
708,709,2023-07-21,CUST709,Female,19,Electronics,2,500,1000,0.4936708860759494,High
709,710,2023-10-31,CUST710,Female,26,Electronics,3,500,1500,0.7468354430379747,High
710,711,2023-10-16,CUST711,Male,26,Electronics,3,500,1500,0.7468354430379747,High
711,712,2023-12-06,CUST712,Female,57,Beauty,2,25,50,0.012658227848101266,Low
712,713,2023-01-14,CUST713,Male,34,Beauty,3,25,75,0.02531645569620253,Low
713,714,2023-02-12,CUST714,Female,18,Clothing,1,500,500,0.24050632911392406,Madium
714,715,2023-11-26,CUST715,Female,42,Beauty,4,25,100,0.0379746835443038,Low
715,716,2023-08-08,CUST716,Female,60,Clothing,4,300,1200,0.5949367088607594,High
716,717,2023-03-11,CUST717,Male,57,Clothing,1,500,500,0.24050632911392406,Madium
717,718,2023-08-25,CUST718,Female,59,Beauty,3,25,75,0.02531645569620253,Low
718,719,2023-04-04,CUST719,Female,42,Clothing,2,30,60,0.017721518987341773,Low
719,720,2023-01-26,CUST720,Female,56,Beauty,3,500,1500,0.7468354430379747,High
720,721,2023-05-14,CUST721,Female,52,Clothing,1,500,500,0.24050632911392406,Madium
721,722,2023-07-14,CUST722,Male,20,Beauty,3,300,900,0.4430379746835443,
722,723,2023-06-17,CUST723,Female,54,Beauty,4,50,200,0.08860759493670886,Madium
723,724,2023-04-19,CUST724,Male,61,Clothing,3,50,150,0.06329113924050633,Madium
724,725,2023-08-21,CUST725,Male,61,Electronics,1,300,300,0.13924050632911392,Madium
725,726,2023-06-17,CUST726,Male,47,Clothing,4,300,1200,0.5949367088607594,High
726,727,2023-06-22,CUST727,Male,55,Beauty,3,300,900,0.4430379746835443,
727,728,2023-07-14,CUST728,Male,51,Electronics,3,50,150,0.06329113924050633,Madium
728,729,2023-05-23,CUST729,Male,29,Clothing,4,300,1200,0.5949367088607594,High
729,730,2023-08-04,CUST730,Female,36,Clothing,2,25,50,0.012658227848101266,Low
730,731,2023-05-10,CUST731,Male,54,Clothing,4,500,2000,1.0,High
731,732,2023-02-11,CUST732,Male,61,Electronics,2,500,1000,0.4936708860759494,High
732,733,2023-08-29,CUST733,Male,34,Beauty,1,30,30,0.002531645569620253,Low
733,734,2023-01-10,CUST734,Female,27,Clothing,1,30,30,0.002531645569620253,Low
734,735,2023-10-04,CUST735,Female,64,Clothing,4,500,2000,1.0,High
735,736,2023-01-27,CUST736,Male,29,Clothing,4,25,100,0.0379746835443038,Low
736,737,2023-06-29,CUST737,Female,33,Clothing,1,50,50,0.012658227848101266,Low
737,738,2023-04-25,CUST738,Male,41,Clothing,2,50,100,0.0379746835443038,Low
738,739,2023-11-29,CUST739,Male,36,Beauty,1,25,25,0.0,Low
739,740,2023-02-05,CUST740,Female,25,Beauty,4,50,200,0.08860759493670886,Madium
740,741,2023-11-30,CUST741,Male,48,Clothing,1,300,300,0.13924050632911392,Madium
741,742,2023-01-21,CUST742,Female,38,Electronics,4,500,2000,1.0,High
742,743,2023-01-16,CUST743,Female,34,Beauty,4,500,2000,1.0,High
743,744,2023-05-07,CUST744,Male,40,Electronics,1,25,25,0.0,Low
744,745,2023-04-13,CUST745,Male,54,Beauty,2,50,100,0.0379746835443038,Low
745,746,2023-01-11,CUST746,Female,33,Clothing,3,30,90,0.03291139240506329,Low
746,747,2023-11-15,CUST747,Male,23,Beauty,1,30,30,0.002531645569620253,Low
747,748,2023-03-20,CUST748,Male,25,Clothing,3,50,150,0.06329113924050633,Madium
748,749,2023-05-03,CUST749,Male,42,Beauty,1,30,30,0.002531645569620253,Low
749,750,2023-03-06,CUST750,Female,35,Clothing,3,25,75,0.02531645569620253,Low
750,751,2023-08-31,CUST751,Female,42,Clothing,2,25,50,0.012658227848101266,Low
751,752,2023-12-09,CUST752,Male,29,Clothing,2,50,100,0.0379746835443038,Low
752,753,2023-02-28,CUST753,Female,32,Clothing,1,30,30,0.002531645569620253,Low
753,754,2023-10-16,CUST754,Female,43,Electronics,4,25,100,0.0379746835443038,Low
754,755,2023-04-22,CUST755,Female,58,Clothing,3,25,75,0.02531645569620253,Low
755,756,2023-08-27,CUST756,Female,62,Electronics,4,300,1200,0.5949367088607594,High
756,757,2023-12-25,CUST757,Female,43,Electronics,4,300,1200,0.5949367088607594,High
757,758,2023-05-12,CUST758,Male,64,Clothing,4,25,100,0.0379746835443038,Low
758,759,2023-07-08,CUST759,Male,49,Electronics,2,50,100,0.0379746835443038,Low
759,760,2023-03-27,CUST760,Male,27,Beauty,1,500,500,0.24050632911392406,Madium
760,761,2023-11-07,CUST761,Female,33,Clothing,1,500,500,0.24050632911392406,Madium
761,762,2023-11-07,CUST762,Female,24,Electronics,2,25,50,0.012658227848101266,Low
762,763,2023-02-28,CUST763,Male,34,Clothing,2,25,50,0.012658227848101266,Low
763,764,2023-03-25,CUST764,Female,40,Clothing,1,25,25,0.0,Low
764,765,2023-06-09,CUST765,Male,43,Clothing,4,50,200,0.08860759493670886,Madium
765,766,2023-02-25,CUST766,Male,38,Electronics,3,300,900,0.4430379746835443,
766,767,2023-10-24,CUST767,Male,39,Beauty,3,25,75,0.02531645569620253,Low
767,768,2023-01-14,CUST768,Female,24,Beauty,3,25,75,0.02531645569620253,Low
768,769,2023-06-09,CUST769,Female,31,Electronics,4,30,120,0.04810126582278481,Madium
769,770,2023-10-22,CUST770,Male,32,Clothing,1,50,50,0.012658227848101266,Low
770,771,2023-12-13,CUST771,Male,24,Electronics,2,25,50,0.012658227848101266,Low
771,772,2023-07-12,CUST772,Male,26,Electronics,1,30,30,0.002531645569620253,Low
772,773,2023-07-23,CUST773,Male,25,Electronics,4,500,2000,1.0,High
773,774,2023-04-12,CUST774,Female,40,Clothing,2,25,50,0.012658227848101266,Low
774,775,2023-02-08,CUST775,Female,46,Electronics,4,25,100,0.0379746835443038,Low
775,776,2023-10-31,CUST776,Male,35,Clothing,3,30,90,0.03291139240506329,Low
776,777,2023-12-20,CUST777,Male,48,Electronics,3,50,150,0.06329113924050633,Madium
777,778,2023-11-18,CUST778,Female,47,Beauty,4,25,100,0.0379746835443038,Low
778,779,2023-05-05,CUST779,Female,56,Electronics,2,500,1000,0.4936708860759494,High
779,780,2023-02-22,CUST780,Male,52,Electronics,2,25,50,0.012658227848101266,Low
780,781,2023-12-23,CUST781,Male,35,Beauty,1,500,500,0.24050632911392406,Madium
781,782,2023-06-04,CUST782,Male,59,Clothing,3,300,900,0.4430379746835443,
782,783,2023-12-17,CUST783,Female,56,Clothing,1,300,300,0.13924050632911392,Madium
783,784,2023-11-04,CUST784,Female,34,Electronics,1,500,500,0.24050632911392406,Madium
784,785,2023-03-03,CUST785,Female,31,Beauty,4,50,200,0.08860759493670886,Madium
785,786,2023-10-17,CUST786,Male,48,Clothing,4,25,100,0.0379746835443038,Low
786,787,2023-01-22,CUST787,Male,41,Electronics,1,25,25,0.0,Low
787,788,2023-06-27,CUST788,Female,52,Beauty,3,300,900,0.4430379746835443,
788,789,2023-09-30,CUST789,Female,61,Clothing,4,500,2000,1.0,High
789,790,2023-08-08,CUST790,Male,62,Clothing,1,25,25,0.0,Low
790,791,2023-12-05,CUST791,Female,51,Beauty,1,25,25,0.0,Low
791,792,2023-07-09,CUST792,Female,20,Beauty,1,50,50,0.012658227848101266,Low
792,793,2023-02-05,CUST793,Male,54,Beauty,1,30,30,0.002531645569620253,Low
793,794,2023-09-17,CUST794,Female,60,Beauty,1,300,300,0.13924050632911392,Madium
794,795,2023-11-28,CUST795,Male,57,Electronics,1,300,300,0.13924050632911392,Madium
795,796,2023-06-24,CUST796,Male,43,Beauty,4,30,120,0.04810126582278481,Madium
796,797,2023-01-07,CUST797,Male,40,Clothing,3,25,75,0.02531645569620253,Low
797,798,2023-08-04,CUST798,Male,61,Clothing,1,50,50,0.012658227848101266,Low
798,799,2023-09-08,CUST799,Male,56,Electronics,2,50,100,0.0379746835443038,Low
799,800,2023-02-24,CUST800,Male,32,Clothing,4,300,1200,0.5949367088607594,High
800,801,2023-08-10,CUST801,Male,21,Clothing,4,50,200,0.08860759493670886,Madium
801,802,2023-07-05,CUST802,Female,46,Beauty,1,30,30,0.002531645569620253,Low
802,803,2023-11-22,CUST803,Male,39,Clothing,4,25,100,0.0379746835443038,Low
803,804,2023-08-24,CUST804,Male,42,Electronics,1,30,30,0.002531645569620253,Low
804,805,2023-12-29,CUST805,Female,30,Beauty,3,500,1500,0.7468354430379747,High
805,806,2023-03-20,CUST806,Female,35,Beauty,3,300,900,0.4430379746835443,
806,807,2023-08-11,CUST807,Female,50,Electronics,4,50,200,0.08860759493670886,Madium
807,808,2023-04-01,CUST808,Male,33,Beauty,4,500,2000,1.0,High
808,809,2023-09-25,CUST809,Female,62,Beauty,2,50,100,0.0379746835443038,Low
809,810,2023-11-30,CUST810,Male,59,Electronics,4,25,100,0.0379746835443038,Low
810,811,2023-05-19,CUST811,Male,61,Beauty,2,25,50,0.012658227848101266,Low
811,812,2023-11-12,CUST812,Male,19,Electronics,3,25,75,0.02531645569620253,Low
812,813,2023-10-03,CUST813,Male,52,Electronics,3,50,150,0.06329113924050633,Madium
813,814,2023-09-05,CUST814,Female,59,Clothing,1,500,500,0.24050632911392406,Madium
814,815,2023-08-27,CUST815,Female,51,Clothing,3,25,75,0.02531645569620253,Low
815,816,2023-08-12,CUST816,Male,47,Beauty,2,500,1000,0.4936708860759494,High
816,817,2023-10-31,CUST817,Male,30,Beauty,4,50,200,0.08860759493670886,Madium
817,818,2023-05-18,CUST818,Male,30,Electronics,1,500,500,0.24050632911392406,Madium
818,819,2023-06-15,CUST819,Female,35,Beauty,2,50,100,0.0379746835443038,Low
819,820,2023-05-06,CUST820,Male,49,Electronics,4,50,200,0.08860759493670886,Madium
820,821,2023-02-14,CUST821,Male,49,Electronics,1,300,300,0.13924050632911392,Madium
821,822,2023-05-23,CUST822,Female,52,Beauty,3,50,150,0.06329113924050633,Madium
822,823,2023-08-19,CUST823,Female,56,Electronics,2,50,100,0.0379746835443038,Low
823,824,2023-05-05,CUST824,Male,63,Clothing,4,30,120,0.04810126582278481,Madium
824,825,2023-08-26,CUST825,Female,46,Beauty,1,25,25,0.0,Low
825,826,2023-10-19,CUST826,Female,46,Clothing,1,300,300,0.13924050632911392,Madium
826,827,2023-11-09,CUST827,Male,61,Beauty,3,300,900,0.4430379746835443,
827,828,2023-12-09,CUST828,Female,33,Electronics,4,300,1200,0.5949367088607594,High
828,829,2023-07-14,CUST829,Male,61,Beauty,3,30,90,0.03291139240506329,Low
829,830,2023-06-22,CUST830,Female,64,Clothing,3,50,150,0.06329113924050633,Madium
830,831,2023-01-15,CUST831,Male,27,Electronics,4,25,100,0.0379746835443038,Low
831,832,2023-09-11,CUST832,Male,47,Beauty,4,500,2000,1.0,High
832,833,2023-06-16,CUST833,Male,42,Beauty,4,50,200,0.08860759493670886,Madium
833,834,2023-04-04,CUST834,Female,56,Beauty,2,30,60,0.017721518987341773,Low
834,835,2023-09-07,CUST835,Male,37,Clothing,4,50,200,0.08860759493670886,Madium
835,836,2023-04-19,CUST836,Female,22,Clothing,1,50,50,0.012658227848101266,Low
836,837,2023-07-01,CUST837,Male,18,Beauty,3,30,90,0.03291139240506329,Low
837,838,2023-05-13,CUST838,Male,47,Electronics,2,300,600,0.2911392405063291,
838,839,2023-06-24,CUST839,Female,20,Electronics,4,300,1200,0.5949367088607594,High
839,840,2023-05-24,CUST840,Male,62,Clothing,2,25,50,0.012658227848101266,Low
840,841,2023-11-02,CUST841,Male,31,Electronics,4,25,100,0.0379746835443038,Low
841,842,2023-12-26,CUST842,Female,47,Clothing,2,300,600,0.2911392405063291,
842,843,2023-05-22,CUST843,Male,21,Beauty,3,500,1500,0.7468354430379747,High
843,844,2023-10-12,CUST844,Male,35,Clothing,3,50,150,0.06329113924050633,Madium
844,845,2023-01-06,CUST845,Male,54,Clothing,1,500,500,0.24050632911392406,Madium
845,846,2023-09-22,CUST846,Male,42,Beauty,1,50,50,0.012658227848101266,Low
846,847,2023-04-08,CUST847,Female,18,Electronics,4,300,1200,0.5949367088607594,High
847,848,2023-02-13,CUST848,Female,63,Clothing,3,25,75,0.02531645569620253,Low
848,849,2023-05-04,CUST849,Male,32,Clothing,2,25,50,0.012658227848101266,Low
849,850,2023-07-28,CUST850,Female,26,Beauty,2,500,1000,0.4936708860759494,High
850,851,2023-09-08,CUST851,Male,32,Electronics,2,25,50,0.012658227848101266,Low
851,852,2023-10-12,CUST852,Female,41,Clothing,1,300,300,0.13924050632911392,Madium
852,853,2023-05-04,CUST853,Male,21,Beauty,2,500,1000,0.4936708860759494,High
853,854,2023-12-20,CUST854,Male,29,Clothing,1,50,50,0.012658227848101266,Low
854,855,2023-09-01,CUST855,Male,54,Beauty,1,25,25,0.0,Low
855,856,2023-11-27,CUST856,Male,54,Electronics,4,30,120,0.04810126582278481,Madium
856,857,2023-12-31,CUST857,Male,60,Electronics,2,25,50,0.012658227848101266,Low
857,858,2023-09-09,CUST858,Male,23,Electronics,2,50,100,0.0379746835443038,Low
858,859,2023-08-18,CUST859,Female,56,Electronics,3,500,1500,0.7468354430379747,High
859,860,2023-01-09,CUST860,Male,63,Clothing,4,50,200,0.08860759493670886,Madium
860,861,2023-02-17,CUST861,Female,41,Clothing,3,30,90,0.03291139240506329,Low
861,862,2023-05-31,CUST862,Male,28,Electronics,4,300,1200,0.5949367088607594,High
862,863,2023-04-24,CUST863,Female,30,Electronics,2,25,50,0.012658227848101266,Low
863,864,2023-07-27,CUST864,Female,51,Electronics,1,500,500,0.24050632911392406,Madium
864,865,2023-12-21,CUST865,Female,42,Clothing,1,300,300,0.13924050632911392,Madium
865,866,2023-05-05,CUST866,Male,24,Electronics,1,50,50,0.012658227848101266,Low
866,867,2023-06-06,CUST867,Male,21,Electronics,1,500,500,0.24050632911392406,Madium
867,868,2023-12-06,CUST868,Female,25,Electronics,1,300,300,0.13924050632911392,Madium
868,869,2023-10-25,CUST869,Male,37,Beauty,3,500,1500,0.7468354430379747,High
869,870,2023-07-08,CUST870,Female,46,Electronics,4,30,120,0.04810126582278481,Madium
870,871,2023-08-31,CUST871,Male,62,Beauty,2,30,60,0.017721518987341773,Low
871,872,2023-10-11,CUST872,Female,63,Beauty,3,25,75,0.02531645569620253,Low
872,873,2023-09-29,CUST873,Female,27,Electronics,4,25,100,0.0379746835443038,Low
873,874,2023-06-26,CUST874,Male,60,Beauty,1,30,30,0.002531645569620253,Low
874,875,2023-08-06,CUST875,Female,51,Electronics,4,500,2000,1.0,High
875,876,2023-10-09,CUST876,Male,43,Clothing,4,30,120,0.04810126582278481,Madium
876,877,2023-06-19,CUST877,Female,58,Clothing,1,25,25,0.0,Low
877,878,2023-06-30,CUST878,Female,20,Clothing,1,30,30,0.002531645569620253,Low
878,879,2023-12-26,CUST879,Male,23,Clothing,1,30,30,0.002531645569620253,Low
879,880,2023-08-21,CUST880,Male,22,Beauty,2,500,1000,0.4936708860759494,High
880,881,2023-05-19,CUST881,Male,22,Electronics,1,300,300,0.13924050632911392,Madium
881,882,2023-06-06,CUST882,Female,64,Electronics,2,25,50,0.012658227848101266,Low
882,883,2023-05-09,CUST883,Male,40,Electronics,1,500,500,0.24050632911392406,Madium
883,884,2023-04-29,CUST884,Female,26,Clothing,2,30,60,0.017721518987341773,Low
884,885,2023-03-03,CUST885,Female,52,Clothing,4,30,120,0.04810126582278481,Madium
885,886,2023-04-09,CUST886,Male,37,Electronics,3,300,900,0.4430379746835443,
886,887,2023-06-11,CUST887,Male,59,Clothing,4,25,100,0.0379746835443038,Low
887,888,2023-03-03,CUST888,Female,52,Electronics,4,25,100,0.0379746835443038,Low
888,889,2023-10-02,CUST889,Female,35,Electronics,1,50,50,0.012658227848101266,Low
889,890,2023-12-20,CUST890,Male,34,Electronics,2,25,50,0.012658227848101266,Low
890,891,2023-04-05,CUST891,Male,41,Electronics,3,300,900,0.4430379746835443,
891,892,2023-04-09,CUST892,Male,20,Electronics,1,50,50,0.012658227848101266,Low
892,893,2023-04-21,CUST893,Male,49,Electronics,1,50,50,0.012658227848101266,Low
893,894,2023-09-05,CUST894,Male,52,Electronics,1,30,30,0.002531645569620253,Low
894,895,2023-05-22,CUST895,Female,55,Clothing,4,30,120,0.04810126582278481,Madium
895,896,2023-10-29,CUST896,Female,30,Electronics,2,25,50,0.012658227848101266,Low
896,897,2023-09-26,CUST897,Female,64,Electronics,2,50,100,0.0379746835443038,Low
897,898,2023-11-02,CUST898,Female,42,Clothing,3,30,90,0.03291139240506329,Low
898,899,2023-05-25,CUST899,Male,26,Clothing,2,300,600,0.2911392405063291,
899,900,2023-02-21,CUST900,Male,21,Clothing,2,30,60,0.017721518987341773,Low
900,901,2023-04-10,CUST901,Male,31,Electronics,1,30,30,0.002531645569620253,Low
901,902,2023-06-01,CUST902,Female,54,Beauty,1,50,50,0.012658227848101266,Low
902,903,2023-04-27,CUST903,Female,51,Beauty,4,50,200,0.08860759493670886,Madium
903,904,2023-07-04,CUST904,Male,28,Clothing,1,500,500,0.24050632911392406,Madium
904,905,2023-04-02,CUST905,Male,58,Beauty,1,300,300,0.13924050632911392,Madium
905,906,2023-06-04,CUST906,Female,20,Clothing,1,50,50,0.012658227848101266,Low
906,907,2023-01-08,CUST907,Female,45,Electronics,1,25,25,0.0,Low
907,908,2023-12-29,CUST908,Male,46,Beauty,4,300,1200,0.5949367088607594,High
908,909,2023-10-01,CUST909,Male,26,Electronics,1,300,300,0.13924050632911392,Madium
909,910,2023-03-06,CUST910,Female,20,Beauty,3,50,150,0.06329113924050633,Madium
910,911,2023-05-21,CUST911,Male,42,Electronics,3,300,900,0.4430379746835443,
911,912,2023-01-24,CUST912,Male,51,Beauty,3,50,150,0.06329113924050633,Madium
912,913,2023-01-28,CUST913,Male,29,Electronics,3,30,90,0.03291139240506329,Low
913,914,2023-10-11,CUST914,Female,59,Electronics,1,500,500,0.24050632911392406,Madium
914,915,2023-05-30,CUST915,Female,26,Beauty,3,30,90,0.03291139240506329,Low
915,916,2023-12-24,CUST916,Female,32,Electronics,1,50,50,0.012658227848101266,Low
916,917,2023-03-06,CUST917,Female,57,Electronics,4,50,200,0.08860759493670886,Madium
917,918,2023-11-23,CUST918,Female,42,Electronics,3,30,90,0.03291139240506329,Low
918,919,2023-09-09,CUST919,Female,22,Beauty,2,25,50,0.012658227848101266,Low
919,920,2023-02-22,CUST920,Female,28,Beauty,3,25,75,0.02531645569620253,Low
920,921,2023-01-07,CUST921,Male,51,Electronics,3,25,75,0.02531645569620253,Low
921,922,2023-10-21,CUST922,Male,41,Electronics,1,50,50,0.012658227848101266,Low
922,923,2023-05-26,CUST923,Male,32,Beauty,3,300,900,0.4430379746835443,
923,924,2023-08-29,CUST924,Male,55,Beauty,2,50,100,0.0379746835443038,Low
924,925,2023-09-03,CUST925,Male,25,Electronics,1,300,300,0.13924050632911392,Madium
925,926,2023-08-14,CUST926,Male,22,Electronics,1,30,30,0.002531645569620253,Low
926,927,2023-06-24,CUST927,Male,43,Electronics,4,500,2000,1.0,High
927,928,2023-04-05,CUST928,Female,35,Clothing,4,300,1200,0.5949367088607594,High
928,929,2023-01-27,CUST929,Female,23,Beauty,3,25,75,0.02531645569620253,Low
929,930,2023-05-10,CUST930,Male,54,Clothing,4,50,200,0.08860759493670886,Madium
930,931,2023-09-02,CUST931,Male,30,Beauty,4,30,120,0.04810126582278481,Madium
931,932,2023-02-28,CUST932,Female,45,Beauty,4,25,100,0.0379746835443038,Low
932,933,2023-02-03,CUST933,Male,22,Beauty,1,30,30,0.002531645569620253,Low
933,934,2023-07-25,CUST934,Male,30,Beauty,1,500,500,0.24050632911392406,Madium
934,935,2023-09-09,CUST935,Female,34,Beauty,1,50,50,0.012658227848101266,Low
935,936,2023-02-07,CUST936,Male,57,Beauty,4,50,200,0.08860759493670886,Madium
936,937,2023-10-23,CUST937,Female,62,Beauty,1,500,500,0.24050632911392406,Madium
937,938,2023-11-19,CUST938,Male,49,Clothing,4,50,200,0.08860759493670886,Madium
938,939,2023-12-18,CUST939,Female,46,Electronics,1,300,300,0.13924050632911392,Madium
939,940,2023-01-28,CUST940,Female,20,Electronics,1,30,30,0.002531645569620253,Low
940,941,2023-03-19,CUST941,Female,57,Clothing,2,25,50,0.012658227848101266,Low
941,942,2023-03-18,CUST942,Male,51,Clothing,3,500,1500,0.7468354430379747,High
942,943,2023-10-16,CUST943,Female,57,Clothing,4,300,1200,0.5949367088607594,High
943,944,2023-06-05,CUST944,Male,44,Clothing,2,25,50,0.012658227848101266,Low
944,945,2023-02-13,CUST945,Male,30,Beauty,1,25,25,0.0,Low
945,946,2023-05-08,CUST946,Male,62,Electronics,4,500,2000,1.0,High
946,947,2023-03-02,CUST947,Male,50,Beauty,1,300,300,0.13924050632911392,Madium
947,948,2023-10-13,CUST948,Female,23,Electronics,3,25,75,0.02531645569620253,Low
948,949,2023-08-02,CUST949,Female,41,Electronics,2,25,50,0.012658227848101266,Low
949,950,2023-11-07,CUST950,Male,36,Clothing,3,300,900,0.4430379746835443,
950,951,2023-11-02,CUST951,Male,33,Beauty,2,50,100,0.0379746835443038,Low
951,952,2023-11-13,CUST952,Female,57,Clothing,1,25,25,0.0,Low
952,953,2023-04-26,CUST953,Male,45,Beauty,3,30,90,0.03291139240506329,Low
953,954,2023-09-25,CUST954,Female,50,Electronics,3,300,900,0.4430379746835443,
954,955,2023-07-14,CUST955,Male,58,Clothing,1,25,25,0.0,Low
955,956,2023-08-19,CUST956,Male,30,Clothing,3,500,1500,0.7468354430379747,High
956,957,2023-08-15,CUST957,Female,60,Electronics,4,30,120,0.04810126582278481,Madium
957,958,2023-06-02,CUST958,Male,62,Electronics,2,25,50,0.012658227848101266,Low
958,959,2023-10-29,CUST959,Female,42,Electronics,2,30,60,0.017721518987341773,Low
959,960,2023-08-08,CUST960,Male,59,Clothing,2,30,60,0.017721518987341773,Low
960,961,2023-06-06,CUST961,Male,53,Beauty,4,50,200,0.08860759493670886,Madium
961,962,2023-10-19,CUST962,Male,44,Clothing,2,30,60,0.017721518987341773,Low
962,963,2023-11-14,CUST963,Female,55,Beauty,1,50,50,0.012658227848101266,Low
963,964,2023-01-31,CUST964,Male,24,Clothing,3,300,900,0.4430379746835443,
964,965,2023-11-09,CUST965,Male,22,Clothing,4,50,200,0.08860759493670886,Madium
965,966,2023-02-20,CUST966,Male,60,Electronics,2,500,1000,0.4936708860759494,High
966,967,2023-04-17,CUST967,Male,62,Beauty,1,25,25,0.0,Low
967,968,2023-11-17,CUST968,Female,48,Clothing,3,300,900,0.4430379746835443,
968,969,2023-04-19,CUST969,Female,40,Clothing,3,300,900,0.4430379746835443,
969,970,2023-05-16,CUST970,Male,59,Electronics,4,500,2000,1.0,High
970,971,2023-12-05,CUST971,Female,27,Electronics,4,50,200,0.08860759493670886,Madium
971,972,2023-02-11,CUST972,Male,49,Beauty,4,25,100,0.0379746835443038,Low
972,973,2023-03-22,CUST973,Male,60,Clothing,1,50,50,0.012658227848101266,Low
973,974,2023-05-03,CUST974,Male,47,Beauty,1,30,30,0.002531645569620253,Low
974,975,2023-03-30,CUST975,Female,56,Clothing,4,50,200,0.08860759493670886,Madium
975,976,2023-10-10,CUST976,Female,48,Beauty,2,300,600,0.2911392405063291,
976,977,2023-02-08,CUST977,Female,35,Electronics,3,25,75,0.02531645569620253,Low
977,978,2023-03-22,CUST978,Female,53,Clothing,3,50,150,0.06329113924050633,Madium
978,979,2023-01-02,CUST979,Female,19,Beauty,1,25,25,0.0,Low
979,980,2023-07-29,CUST980,Female,31,Electronics,3,25,75,0.02531645569620253,Low
980,981,2023-08-19,CUST981,Female,30,Electronics,2,30,60,0.017721518987341773,Low
981,982,2023-12-19,CUST982,Female,46,Beauty,3,30,90,0.03291139240506329,Low
982,983,2023-11-01,CUST983,Female,29,Clothing,1,300,300,0.13924050632911392,Madium
983,984,2023-08-29,CUST984,Male,56,Clothing,1,500,500,0.24050632911392406,Madium
984,985,2023-05-30,CUST985,Female,19,Electronics,2,25,50,0.012658227848101266,Low
985,986,2023-01-17,CUST986,Female,49,Clothing,2,500,1000,0.4936708860759494,High
986,987,2023-04-29,CUST987,Female,30,Clothing,3,300,900,0.4430379746835443,
987,988,2023-05-28,CUST988,Female,63,Clothing,3,25,75,0.02531645569620253,Low
988,989,2023-12-28,CUST989,Female,44,Electronics,1,25,25,0.0,Low
989,990,2023-05-25,CUST990,Female,58,Beauty,2,500,1000,0.4936708860759494,High
990,991,2023-12-26,CUST991,Female,34,Clothing,2,50,100,0.0379746835443038,Low
991,992,2023-08-21,CUST992,Female,57,Electronics,2,30,60,0.017721518987341773,Low
992,993,2023-02-06,CUST993,Female,48,Electronics,3,50,150,0.06329113924050633,Madium
993,994,2023-12-18,CUST994,Female,51,Beauty,2,500,1000,0.4936708860759494,High
994,995,2023-04-30,CUST995,Female,41,Clothing,1,30,30,0.002531645569620253,Low
995,996,2023-05-16,CUST996,Male,62,Clothing,1,50,50,0.012658227848101266,Low
996,997,2023-11-17,CUST997,Male,52,Beauty,3,30,90,0.03291139240506329,Low
997,998,2023-10-29,CUST998,Female,23,Beauty,4,25,100,0.0379746835443038,Low
998,999,2023-12-05,CUST999,Female,36,Electronics,3,50,150,0.06329113924050633,Madium
999,1000,2023-04-12,CUST1000,Male,47,Electronics,4,30,120,0.04810126582278481,Madium
