,Transaction ID,Customer ID,Gender,Age,Product Category,Quantity,Price per Unit,Total Amount,Normalized Sales,Category,Month,Year,Day
0,1,1,1,34,1,3,50,150,0.0632911392405063,3,11,2023,24
1,2,2,2,26,3,2,500,1000,0.4936708860759494,3,2,2023,27
2,3,3,1,50,2,1,30,30,0.0025316455696202,1,1,2023,13
3,4,4,1,37,3,1,500,500,0.240506329113924,3,5,2023,21
4,5,5,1,30,1,2,50,100,0.0379746835443038,1,5,2023,6
5,6,6,2,45,1,1,30,30,0.0025316455696202,1,4,2023,25
6,7,7,1,46,3,2,25,50,0.0126582278481012,1,3,2023,13
7,8,8,1,30,2,4,25,100,0.0379746835443038,1,2,2023,22
8,9,9,1,63,2,2,300,600,0.2911392405063291,3,12,2023,13
9,10,10,2,52,3,4,50,200,0.0886075949367088,3,10,2023,7
10,11,11,1,23,3,2,50,100,0.0379746835443038,1,2,2023,14
11,12,12,1,35,1,3,25,75,0.0253164556962025,1,10,2023,30
12,13,13,1,22,2,3,500,1500,0.7468354430379747,3,8,2023,5
13,14,14,1,64,3,4,30,120,0.0481012658227848,3,1,2023,17
14,15,15,2,42,2,4,500,2000,1.0,3,1,2023,16
15,16,16,1,19,3,3,500,1500,0.7468354430379747,3,2,2023,17
16,17,17,2,27,3,4,25,100,0.0379746835443038,1,4,2023,22
17,18,18,2,47,2,2,25,50,0.0126582278481012,1,4,2023,30
18,19,19,2,62,3,2,25,50,0.0126582278481012,1,9,2023,16
19,20,20,1,22,3,3,300,900,0.4430379746835443,3,11,2023,5
20,21,21,2,50,1,1,500,500,0.240506329113924,3,1,2023,14
21,22,22,1,18,3,2,50,100,0.0379746835443038,1,10,2023,15
22,23,23,2,35,3,4,30,120,0.0481012658227848,3,4,2023,12
23,24,24,2,49,3,1,300,300,0.1392405063291139,3,11,2023,29
24,25,25,2,64,1,1,50,50,0.0126582278481012,1,12,2023,26
25,26,26,2,28,2,2,500,1000,0.4936708860759494,3,10,2023,7
26,27,27,2,38,1,2,25,50,0.0126582278481012,1,8,2023,3
27,28,28,2,43,1,1,500,500,0.240506329113924,3,4,2023,23
28,29,29,2,42,2,1,30,30,0.0025316455696202,1,8,2023,18
29,30,30,2,39,1,3,300,900,0.4430379746835443,3,10,2023,29
30,31,31,1,44,2,4,300,1200,0.5949367088607594,3,5,2023,23
31,32,32,1,30,1,3,30,90,0.0329113924050632,1,1,2023,4
32,33,33,2,50,2,2,50,100,0.0379746835443038,1,3,2023,23
33,34,34,2,51,3,3,50,150,0.0632911392405063,3,12,2023,24
34,35,35,2,58,1,3,300,900,0.4430379746835443,3,8,2023,5
35,36,36,1,52,1,3,300,900,0.4430379746835443,3,6,2023,24
36,37,37,2,18,1,3,25,75,0.0253164556962025,1,5,2023,23
37,38,38,1,38,1,4,50,200,0.0886075949367088,3,3,2023,21
38,39,39,1,23,3,4,30,120,0.0481012658227848,3,4,2023,21
39,40,40,1,45,1,1,50,50,0.0126582278481012,1,6,2023,22
40,41,41,1,34,3,2,25,50,0.0126582278481012,1,2,2023,22
41,42,42,1,22,3,3,300,900,0.4430379746835443,3,2,2023,17
42,43,43,2,48,3,1,300,300,0.1392405063291139,3,7,2023,14
43,44,44,2,22,3,1,25,25,0.0,1,2,2023,19
44,45,45,2,55,2,1,30,30,0.0025316455696202,1,7,2023,3
45,46,46,2,20,2,4,300,1200,0.5949367088607594,3,6,2023,26
46,47,47,2,40,1,3,500,1500,0.7468354430379747,3,11,2023,6
47,48,48,1,54,2,3,300,900,0.4430379746835443,3,5,2023,16
48,49,49,2,54,2,2,500,1000,0.4936708860759494,3,1,2023,23
49,50,50,2,27,1,3,25,75,0.0253164556962025,1,8,2023,24
50,51,51,1,27,1,3,25,75,0.0253164556962025,1,10,2023,2
51,52,52,2,36,1,1,300,300,0.1392405063291139,3,3,2023,5
52,53,53,1,34,2,2,50,100,0.0379746835443038,1,7,2023,13
53,54,54,2,38,2,3,500,1500,0.7468354430379747,3,2,2023,10
54,55,55,1,31,1,4,30,120,0.0481012658227848,3,10,2023,10
55,56,56,2,26,3,3,300,900,0.4430379746835443,3,5,2023,31
56,57,57,2,63,1,1,30,30,0.0025316455696202,1,11,2023,18
57,58,58,1,18,3,4,300,1200,0.5949367088607594,3,11,2023,13
58,59,59,1,62,3,1,50,50,0.0126582278481012,1,7,2023,5
59,60,60,1,30,1,3,50,150,0.0632911392405063,3,10,2023,23
60,61,61,1,21,1,4,50,200,0.0886075949367088,3,4,2023,9
61,62,62,1,18,1,2,50,100,0.0379746835443038,1,12,2023,27
62,63,63,1,57,2,2,25,50,0.0126582278481012,1,2,2023,5
63,64,64,1,49,3,4,25,100,0.0379746835443038,1,1,2023,24
64,65,65,1,51,2,4,500,2000,1.0,3,12,2023,5
65,66,66,2,45,2,1,30,30,0.0025316455696202,1,4,2023,27
66,67,67,2,48,1,4,300,1200,0.5949367088607594,3,5,2023,29
67,68,68,1,25,2,1,300,300,0.1392405063291139,3,2,2023,10
68,69,69,2,56,1,3,25,75,0.0253164556962025,1,4,2023,30
69,70,70,2,43,3,1,300,300,0.1392405063291139,3,2,2023,21
70,71,71,2,51,1,4,25,100,0.0379746835443038,1,7,2023,14
71,72,72,2,20,2,4,500,2000,1.0,3,5,2023,23
72,73,73,1,29,2,3,30,90,0.0329113924050632,1,8,2023,21
73,74,74,2,18,1,4,500,2000,1.0,3,11,2023,22
74,75,75,1,61,1,4,50,200,0.0886075949367088,3,7,2023,6
75,76,76,2,22,2,2,50,100,0.0379746835443038,1,3,2023,25
76,77,77,2,47,3,2,50,100,0.0379746835443038,1,7,2023,9
77,78,78,2,47,3,3,500,1500,0.7468354430379747,3,7,2023,1
78,79,79,1,34,1,1,300,300,0.1392405063291139,3,4,2023,18
79,80,80,2,64,3,2,30,60,0.0177215189873417,1,12,2023,10
80,81,81,1,40,2,1,50,50,0.0126582278481012,1,5,2023,17
81,82,82,2,32,1,4,50,200,0.0886075949367088,3,12,2023,26
82,83,83,1,54,2,2,50,100,0.0379746835443038,1,12,2023,16
83,84,84,2,38,2,3,30,90,0.0329113924050632,1,11,2023,28
84,85,85,1,31,3,3,50,150,0.0632911392405063,3,2,2023,6
85,86,86,1,19,1,3,30,90,0.0329113924050632,1,11,2023,8
86,87,87,2,28,1,2,50,100,0.0379746835443038,1,11,2023,22
87,88,88,1,56,3,1,500,500,0.240506329113924,3,3,2023,29
88,89,89,2,55,2,4,500,2000,1.0,3,10,2023,1
89,90,90,2,51,2,1,30,30,0.0025316455696202,1,5,2023,6
90,91,91,2,55,2,1,500,500,0.240506329113924,3,3,2023,25
91,92,92,2,51,2,4,30,120,0.0481012658227848,3,8,2023,25
92,93,93,2,35,1,4,500,2000,1.0,3,7,2023,14
93,94,94,2,47,1,2,500,1000,0.4936708860759494,3,5,2023,19
94,95,95,2,32,3,2,30,60,0.0177215189873417,1,11,2023,24
95,96,96,2,44,3,2,300,600,0.2911392405063291,3,12,2023,19
96,97,97,2,51,1,2,500,1000,0.4936708860759494,3,10,2023,13
97,98,98,2,55,1,2,50,100,0.0379746835443038,1,4,2023,23
98,99,99,2,50,2,4,300,1200,0.5949367088607594,3,12,2023,17
99,100,100,1,41,2,1,30,30,0.0025316455696202,1,6,2023,16
100,101,101,1,32,3,2,300,600,0.2911392405063291,3,1,2023,29
101,102,102,2,47,1,2,25,50,0.0126582278481012,1,4,2023,28
102,103,103,2,59,3,1,25,25,0.0,1,1,2023,17
103,104,104,2,34,1,2,500,1000,0.4936708860759494,3,6,2023,11
104,105,105,2,22,2,1,500,500,0.240506329113924,3,7,2023,25
105,106,106,2,46,3,1,50,50,0.0126582278481012,1,5,2023,18
106,107,107,2,21,3,4,300,1200,0.5949367088607594,3,2,2023,3
107,108,108,2,27,1,3,25,75,0.0253164556962025,1,4,2023,19
108,109,109,2,34,2,4,500,2000,1.0,3,10,2023,18
109,110,110,1,27,3,3,300,900,0.4430379746835443,3,6,2023,11
110,111,111,2,34,2,3,500,1500,0.7468354430379747,3,4,2023,19
111,112,112,1,37,3,3,500,1500,0.7468354430379747,3,12,2023,2
112,113,113,2,41,2,2,25,50,0.0126582278481012,1,9,2023,13
113,114,114,2,22,1,4,25,100,0.0379746835443038,1,7,2023,22
114,115,115,1,51,3,3,500,1500,0.7468354430379747,3,11,2023,26
115,116,116,2,23,3,1,30,30,0.0025316455696202,1,8,2023,23
116,117,117,1,19,2,2,500,1000,0.4936708860759494,3,3,2023,15
117,118,118,2,30,2,4,500,2000,1.0,3,5,2023,16
118,119,119,2,60,3,3,50,150,0.0632911392405063,3,3,2023,13
119,120,120,1,60,1,1,50,50,0.0126582278481012,1,5,2023,7
120,121,121,2,28,2,4,50,200,0.0886075949367088,3,10,2023,15
121,122,122,1,64,2,4,30,120,0.0481012658227848,3,10,2023,3
122,123,123,2,40,2,2,30,60,0.0177215189873417,1,5,2023,15
123,124,124,1,33,3,4,500,2000,1.0,3,10,2023,27
124,125,125,1,48,3,2,50,100,0.0379746835443038,1,8,2023,8
125,126,126,2,28,3,3,30,90,0.0329113924050632,1,10,2023,26
126,127,127,2,33,3,2,25,50,0.0126582278481012,1,7,2023,24
127,128,128,1,25,1,1,500,500,0.240506329113924,3,7,2023,5
128,129,129,2,21,1,2,300,600,0.2911392405063291,3,4,2023,23
129,130,130,2,57,3,1,500,500,0.240506329113924,3,3,2023,12
130,131,131,2,21,1,2,300,600,0.2911392405063291,3,9,2023,18
131,132,132,1,42,2,4,50,200,0.0886075949367088,3,9,2023,10
132,133,133,1,20,2,3,300,900,0.4430379746835443,3,2,2023,16
133,134,134,1,49,2,1,50,50,0.0126582278481012,1,1,2023,25
134,135,135,1,20,3,2,25,50,0.0126582278481012,1,2,2023,26
135,136,136,1,44,2,2,300,600,0.2911392405063291,3,3,2023,20
136,137,137,1,46,1,2,500,1000,0.4936708860759494,3,11,2023,18
137,138,138,1,49,3,4,50,200,0.0886075949367088,3,3,2023,23
138,139,139,1,36,1,4,500,2000,1.0,3,12,2023,15
139,140,140,1,38,2,1,30,30,0.0025316455696202,1,8,2023,5
140,141,141,2,22,2,1,50,50,0.0126582278481012,1,11,2023,2
141,142,142,1,35,2,4,300,1200,0.5949367088607594,3,2,2023,2
142,143,143,2,45,3,1,50,50,0.0126582278481012,1,7,2023,17
143,144,144,2,59,1,3,500,1500,0.7468354430379747,3,7,2023,15
144,145,145,2,39,3,3,25,75,0.0253164556962025,1,11,2023,2
145,146,146,1,38,3,4,50,200,0.0886075949367088,3,8,2023,28
146,147,147,1,23,2,1,300,300,0.1392405063291139,3,9,2023,28
147,148,148,1,18,3,2,30,60,0.0177215189873417,1,5,2023,9
148,149,149,1,22,3,3,25,75,0.0253164556962025,1,10,2023,11
149,150,150,2,58,2,4,30,120,0.0481012658227848,3,1,2023,6
150,151,151,1,29,3,1,50,50,0.0126582278481012,1,12,2023,15
151,152,152,1,43,2,4,500,2000,1.0,3,2,2023,28
152,153,153,1,63,2,2,500,1000,0.4936708860759494,3,12,2023,16
153,154,154,1,51,2,3,300,900,0.4430379746835443,3,10,2023,2
154,155,155,1,31,2,4,500,2000,1.0,3,5,2023,17
155,156,156,2,43,3,4,25,100,0.0379746835443038,1,11,2023,25
156,157,157,1,62,2,4,500,2000,1.0,3,6,2023,24
157,158,158,2,44,2,2,300,600,0.2911392405063291,3,2,2023,27
158,159,159,1,26,3,4,50,200,0.0886075949367088,3,5,2023,31
159,160,160,2,43,3,2,50,100,0.0379746835443038,1,8,2023,11
160,161,161,1,64,1,2,500,1000,0.4936708860759494,3,3,2023,22
161,162,162,1,39,3,2,30,60,0.0177215189873417,1,8,2023,21
162,163,163,2,64,3,3,50,150,0.0632911392405063,3,1,2023,2
163,164,164,2,47,1,3,500,1500,0.7468354430379747,3,5,2023,15
164,165,165,2,60,3,4,300,1200,0.5949367088607594,3,9,2023,14
165,166,166,1,34,3,4,500,2000,1.0,3,4,2023,2
166,167,167,2,43,3,3,50,150,0.0632911392405063,3,9,2023,17
167,168,168,1,53,3,1,300,300,0.1392405063291139,3,2,2023,24
168,169,169,1,18,1,3,500,1500,0.7468354430379747,3,11,2023,17
169,170,170,2,25,3,2,25,50,0.0126582278481012,1,6,2023,2
170,171,171,2,52,3,3,300,900,0.4430379746835443,3,11,2023,24
171,172,172,1,32,1,2,25,50,0.0126582278481012,1,9,2023,17
172,173,173,1,64,2,4,30,120,0.0481012658227848,3,11,2023,8
173,174,174,2,39,1,1,300,300,0.1392405063291139,3,4,2023,12
174,175,175,2,31,2,4,25,100,0.0379746835443038,1,3,2023,20
175,176,176,2,43,1,2,50,100,0.0379746835443038,1,7,2023,11
176,177,177,1,45,1,2,50,100,0.0379746835443038,1,3,2023,24
177,178,178,1,40,3,2,30,60,0.0177215189873417,1,10,2023,4
178,179,179,1,31,2,1,300,300,0.1392405063291139,3,9,2023,29
179,180,180,1,41,3,3,300,900,0.4430379746835443,3,1,2023,1
180,181,181,1,19,2,4,300,1200,0.5949367088607594,3,11,2023,3
181,182,182,1,62,1,4,30,120,0.0481012658227848,3,6,2023,15
182,183,183,2,43,1,3,300,900,0.4430379746835443,3,9,2023,8
183,184,184,1,31,2,4,50,200,0.0886075949367088,3,1,2023,10
184,185,185,1,24,3,1,25,25,0.0,1,2,2023,27
185,186,186,1,20,3,4,50,200,0.0886075949367088,3,7,2023,5
186,187,187,2,64,3,2,50,100,0.0379746835443038,1,6,2023,7
187,188,188,1,40,3,3,25,75,0.0253164556962025,1,5,2023,3
188,189,189,1,63,1,1,50,50,0.0126582278481012,1,1,2023,30
189,190,190,2,60,1,3,30,90,0.0329113924050632,1,5,2023,4
190,191,191,1,64,1,1,25,25,0.0,1,10,2023,18
191,192,192,1,62,1,2,50,100,0.0379746835443038,1,2,2023,10
192,193,193,1,35,1,3,500,1500,0.7468354430379747,3,2,2023,13
193,194,194,1,55,3,4,50,200,0.0886075949367088,3,9,2023,6
194,195,195,1,52,3,1,30,30,0.0025316455696202,1,2,2023,5
195,196,196,2,32,3,3,300,900,0.4430379746835443,3,9,2023,30
196,197,197,2,42,3,4,50,200,0.0886075949367088,3,3,2023,6
197,198,198,2,54,1,3,300,900,0.4430379746835443,3,3,2023,7
198,199,199,1,45,1,3,500,1500,0.7468354430379747,3,12,2023,4
199,200,200,1,27,1,3,50,150,0.0632911392405063,3,9,2023,1
200,201,201,1,56,2,1,25,25,0.0,1,10,2023,9
201,202,202,2,34,3,4,300,1200,0.5949367088607594,3,3,2023,26
202,203,203,1,56,3,2,500,1000,0.4936708860759494,3,5,2023,16
203,204,204,1,39,1,1,25,25,0.0,1,9,2023,28
204,205,205,2,43,3,1,25,25,0.0,1,11,2023,7
205,206,206,1,61,3,1,25,25,0.0,1,8,2023,5
206,207,207,2,42,1,2,25,50,0.0126582278481012,1,4,2023,19
207,208,208,2,34,2,4,50,200,0.0886075949367088,3,10,2023,4
208,209,209,2,30,2,4,50,200,0.0886075949367088,3,12,2023,20
209,210,210,1,37,2,4,50,200,0.0886075949367088,3,4,2023,13
210,211,211,1,42,1,3,500,1500,0.7468354430379747,3,1,2024,1
211,212,212,1,21,3,3,500,1500,0.7468354430379747,3,6,2023,9
212,213,213,1,27,1,3,500,1500,0.7468354430379747,3,7,2023,24
213,214,214,1,20,1,2,30,60,0.0177215189873417,1,12,2023,10
214,215,215,1,58,3,3,500,1500,0.7468354430379747,3,11,2023,29
215,216,216,1,62,2,2,50,100,0.0379746835443038,1,7,2023,11
216,217,217,2,35,2,4,50,200,0.0886075949367088,3,8,2023,13
217,218,218,1,64,1,3,30,90,0.0329113924050632,1,9,2023,22
218,219,219,2,53,2,3,30,90,0.0329113924050632,1,8,2023,20
219,220,220,1,64,1,1,500,500,0.240506329113924,3,3,2023,3
220,221,221,1,39,1,2,300,600,0.2911392405063291,3,5,2023,7
221,222,222,1,51,3,4,30,120,0.0481012658227848,3,4,2023,26
222,223,223,2,64,3,1,25,25,0.0,1,2,2023,2
223,224,224,2,25,3,1,50,50,0.0126582278481012,1,6,2023,23
224,225,225,2,57,1,4,25,100,0.0379746835443038,1,1,2023,11
225,226,226,2,61,3,1,50,50,0.0126582278481012,1,10,2023,29
226,227,227,1,36,2,2,50,100,0.0379746835443038,1,10,2023,11
227,228,228,2,59,2,2,30,60,0.0177215189873417,1,4,2023,28
228,229,229,1,58,1,3,30,90,0.0329113924050632,1,10,2023,29
229,230,230,1,54,1,1,25,25,0.0,1,4,2023,23
230,231,231,2,23,3,3,50,150,0.0632911392405063,3,1,2023,4
231,232,232,2,43,1,1,25,25,0.0,1,2,2023,6
232,233,233,2,51,1,2,300,600,0.2911392405063291,3,12,2023,29
233,234,234,2,62,2,2,25,50,0.0126582278481012,1,11,2023,20
234,235,235,2,23,2,2,500,1000,0.4936708860759494,3,1,2023,31
235,236,236,2,54,3,1,25,25,0.0,1,4,2023,28
236,237,237,2,50,1,2,500,1000,0.4936708860759494,3,2,2023,4
237,238,238,2,39,1,1,500,500,0.240506329113924,3,1,2023,17
238,239,239,1,38,2,3,500,1500,0.7468354430379747,3,6,2023,19
239,240,240,2,23,1,1,300,300,0.1392405063291139,3,2,2023,6
240,241,241,2,23,2,3,25,75,0.0253164556962025,1,9,2023,21
241,242,242,1,21,3,1,25,25,0.0,1,5,2023,2
242,243,243,2,47,2,3,300,900,0.4430379746835443,3,5,2023,23
243,244,244,1,28,1,2,50,100,0.0379746835443038,1,12,2023,9
244,245,245,1,47,3,3,30,90,0.0329113924050632,1,9,2023,6
245,246,246,2,48,2,2,25,50,0.0126582278481012,1,4,2023,20
246,247,247,1,41,2,2,30,60,0.0177215189873417,1,10,2023,4
247,248,248,1,26,3,3,300,900,0.4430379746835443,3,3,2023,9
248,249,249,1,20,3,1,50,50,0.0126582278481012,1,10,2023,20
249,250,250,1,48,2,1,50,50,0.0126582278481012,1,10,2023,23
250,251,251,2,57,1,4,50,200,0.0886075949367088,3,8,2023,31
251,252,252,1,54,2,1,300,300,0.1392405063291139,3,5,2023,5
252,253,253,2,53,3,4,500,2000,1.0,3,8,2023,31
253,254,254,1,41,2,1,500,500,0.240506329113924,3,7,2023,28
254,255,255,1,48,3,1,30,30,0.0025316455696202,1,4,2023,8
255,256,256,1,23,3,2,500,1000,0.4936708860759494,3,2,2023,18
256,257,257,1,19,1,4,500,2000,1.0,3,2,2023,19
257,258,258,2,37,3,1,50,50,0.0126582278481012,1,12,2023,4
258,259,259,2,45,3,4,50,200,0.0886075949367088,3,8,2023,9
259,260,260,1,28,1,2,30,60,0.0177215189873417,1,7,2023,1
260,261,261,1,21,3,2,25,50,0.0126582278481012,1,8,2023,5
261,262,262,2,32,1,4,30,120,0.0481012658227848,3,7,2023,30
262,263,263,1,23,1,2,30,60,0.0177215189873417,1,8,2023,28
263,264,264,1,47,3,3,300,900,0.4430379746835443,3,1,2023,28
264,265,265,1,55,3,3,300,900,0.4430379746835443,3,12,2023,11
265,266,266,2,19,2,2,30,60,0.0177215189873417,1,12,2023,1
266,267,267,2,32,1,3,30,90,0.0329113924050632,1,11,2023,27
267,268,268,2,28,2,1,30,30,0.0025316455696202,1,2,2023,20
268,269,269,1,25,3,4,500,2000,1.0,3,2,2023,1
269,270,270,1,43,2,1,300,300,0.1392405063291139,3,7,2023,26
270,271,271,2,62,1,4,30,120,0.0481012658227848,3,6,2023,23
271,272,272,2,61,2,2,50,100,0.0379746835443038,1,2,2023,25
272,273,273,2,22,1,1,50,50,0.0126582278481012,1,5,2023,8
273,274,274,2,23,3,2,500,1000,0.4936708860759494,3,4,2023,9
274,275,275,1,43,3,2,500,1000,0.4936708860759494,3,4,2023,8
275,276,276,2,21,1,4,25,100,0.0379746835443038,1,10,2023,2
276,277,277,1,36,3,4,25,100,0.0379746835443038,1,8,2023,18
277,278,278,2,37,3,4,25,100,0.0379746835443038,1,3,2023,13
278,279,279,1,50,3,1,500,500,0.240506329113924,3,8,2023,5
279,280,280,2,37,3,3,500,1500,0.7468354430379747,3,4,2023,4
280,281,281,2,29,1,4,500,2000,1.0,3,5,2023,23
281,282,282,2,64,2,4,50,200,0.0886075949367088,3,8,2023,25
282,283,283,2,18,2,1,500,500,0.240506329113924,3,5,2023,8
283,284,284,1,43,3,4,50,200,0.0886075949367088,3,2,2023,8
284,285,285,2,31,2,1,25,25,0.0,1,8,2023,15
285,286,286,1,55,2,2,25,50,0.0126582278481012,1,10,2023,9
286,287,287,1,54,3,4,25,100,0.0379746835443038,1,2,2023,20
287,288,288,1,28,3,4,30,120,0.0481012658227848,3,1,2023,26
288,289,289,1,53,2,2,30,60,0.0177215189873417,1,11,2023,30
289,290,290,2,30,1,2,300,600,0.2911392405063291,3,10,2023,4
290,291,291,1,60,3,2,300,600,0.2911392405063291,3,1,2023,8
291,292,292,1,20,1,4,300,1200,0.5949367088607594,3,2,2023,17
292,293,293,1,50,2,3,30,90,0.0329113924050632,1,5,2023,2
293,294,294,2,23,3,3,30,90,0.0329113924050632,1,3,2023,27
294,295,295,2,27,1,3,300,900,0.4430379746835443,3,7,2023,28
295,296,296,2,22,3,4,300,1200,0.5949367088607594,3,9,2023,6
296,297,297,2,40,2,2,500,1000,0.4936708860759494,3,9,2023,4
297,298,298,1,27,1,4,300,1200,0.5949367088607594,3,4,2023,20
298,299,299,1,61,2,2,500,1000,0.4936708860759494,3,7,2023,25
299,300,300,2,19,2,4,50,200,0.0886075949367088,3,1,2023,31
300,301,301,1,30,3,4,30,120,0.0481012658227848,3,3,2023,26
301,302,302,1,57,1,2,300,600,0.2911392405063291,3,7,2023,14
302,303,303,1,19,2,3,30,90,0.0329113924050632,1,1,2023,2
303,304,304,2,37,2,2,30,60,0.0177215189873417,1,7,2023,19
304,305,305,2,18,1,1,30,30,0.0025316455696202,1,5,2023,16
305,306,306,1,54,2,1,50,50,0.0126582278481012,1,8,2023,21
306,307,307,2,26,2,2,25,50,0.0126582278481012,1,5,2023,27
307,308,308,2,34,1,4,300,1200,0.5949367088607594,3,8,2023,5
308,309,309,2,26,1,1,25,25,0.0,1,12,2023,23
309,310,310,2,28,1,1,25,25,0.0,1,10,2023,12
310,311,311,2,32,1,4,25,100,0.0379746835443038,1,12,2023,5
311,312,312,1,41,3,4,30,120,0.0481012658227848,3,9,2023,7
312,313,313,2,55,1,3,500,1500,0.7468354430379747,3,3,2023,21
313,314,314,1,52,3,4,30,120,0.0481012658227848,3,4,2023,8
314,315,315,1,47,3,2,30,60,0.0177215189873417,1,6,2023,1
315,316,316,2,48,3,2,25,50,0.0126582278481012,1,4,2023,22
316,317,317,1,22,2,3,30,90,0.0329113924050632,1,1,2023,30
317,318,318,1,61,3,1,25,25,0.0,1,10,2023,24
318,319,319,1,31,3,1,500,500,0.240506329113924,3,10,2023,5
319,320,320,2,28,2,4,300,1200,0.5949367088607594,3,2,2023,1
320,321,321,2,26,2,2,25,50,0.0126582278481012,1,6,2023,10
321,322,322,1,51,2,1,500,500,0.240506329113924,3,1,2023,30
322,323,323,2,29,1,3,300,900,0.4430379746835443,3,1,2023,26
323,324,324,2,52,2,3,50,150,0.0632911392405063,3,10,2023,27
324,325,325,2,52,2,2,25,50,0.0126582278481012,1,9,2023,2
325,326,326,2,18,3,3,25,75,0.0253164556962025,1,9,2023,15
326,327,327,1,57,2,3,50,150,0.0632911392405063,3,9,2023,29
327,328,328,1,39,1,2,50,100,0.0379746835443038,1,3,2023,22
328,329,329,2,46,2,4,25,100,0.0379746835443038,1,1,2023,30
329,330,330,2,25,1,4,50,200,0.0886075949367088,3,9,2023,18
330,331,331,1,28,2,3,30,90,0.0329113924050632,1,2,2023,11
331,332,332,1,58,2,4,300,1200,0.5949367088607594,3,4,2023,6
332,333,333,2,54,2,4,300,1200,0.5949367088607594,3,2,2023,5
333,334,334,1,31,2,3,300,900,0.4430379746835443,3,11,2023,1
334,335,335,2,47,1,4,30,120,0.0481012658227848,3,2,2023,4
335,336,336,2,52,1,3,50,150,0.0632911392405063,3,12,2023,12
336,337,337,1,38,3,1,500,500,0.240506329113924,3,5,2023,1
337,338,338,1,54,1,2,50,100,0.0379746835443038,1,7,2023,26
338,339,339,2,22,2,2,25,50,0.0126582278481012,1,3,2023,3
339,340,340,2,36,3,4,300,1200,0.5949367088607594,3,10,2023,19
340,341,341,1,31,3,4,50,200,0.0886075949367088,3,5,2023,7
341,342,342,2,43,3,4,500,2000,1.0,3,10,2023,24
342,343,343,1,21,2,2,25,50,0.0126582278481012,1,11,2023,1
343,344,344,2,42,1,1,30,30,0.0025316455696202,1,1,2023,21
344,345,345,1,62,2,1,30,30,0.0025316455696202,1,11,2023,14
345,346,346,1,59,3,2,500,1000,0.4936708860759494,3,2,2023,11
346,347,347,1,42,2,1,25,25,0.0,1,8,2023,3
347,348,348,2,35,2,2,300,600,0.2911392405063291,3,12,2023,3
348,349,349,2,57,1,1,50,50,0.0126582278481012,1,10,2023,26
349,350,350,1,25,1,3,25,75,0.0253164556962025,1,10,2023,17
350,351,351,2,56,3,3,30,90,0.0329113924050632,1,9,2023,25
351,352,352,1,57,2,2,500,1000,0.4936708860759494,3,6,2023,11
352,353,353,1,31,2,1,500,500,0.240506329113924,3,5,2023,14
353,354,354,2,49,1,4,50,200,0.0886075949367088,3,4,2023,15
354,355,355,2,55,2,1,500,500,0.240506329113924,3,12,2023,9
355,356,356,1,50,2,3,500,1500,0.7468354430379747,3,6,2023,10
356,357,357,2,40,2,3,25,75,0.0253164556962025,1,5,2023,3
357,358,358,2,32,1,1,300,300,0.1392405063291139,3,5,2023,16
358,359,359,1,50,3,1,50,50,0.0126582278481012,1,7,2023,22
359,360,360,1,42,3,4,25,100,0.0379746835443038,1,3,2023,9
360,361,361,2,34,2,4,300,1200,0.5949367088607594,3,12,2023,10
361,362,362,1,50,3,1,25,25,0.0,1,11,2023,27
362,363,363,1,64,1,1,25,25,0.0,1,6,2023,3
363,364,364,2,19,1,1,500,500,0.240506329113924,3,8,2023,23
364,365,365,1,31,3,1,300,300,0.1392405063291139,3,6,2023,11
365,366,366,1,57,3,2,50,100,0.0379746835443038,1,2,2023,7
366,367,367,2,57,2,1,50,50,0.0126582278481012,1,1,2023,5
367,368,368,2,56,3,4,300,1200,0.5949367088607594,3,8,2023,23
368,369,369,1,23,2,3,500,1500,0.7468354430379747,3,11,2023,15
369,370,370,1,23,2,2,30,60,0.0177215189873417,1,10,2023,16
370,371,371,2,20,1,1,25,25,0.0,1,2,2023,21
371,372,372,2,24,1,3,500,1500,0.7468354430379747,3,2,2023,7
372,373,373,2,25,1,2,300,600,0.2911392405063291,3,10,2023,3
373,374,374,2,59,1,3,25,75,0.0253164556962025,1,4,2023,20
374,375,375,1,32,3,1,50,50,0.0126582278481012,1,9,2023,17
375,376,376,2,64,1,1,30,30,0.0025316455696202,1,5,2023,16
376,377,377,2,46,3,4,50,200,0.0886075949367088,3,3,2023,9
377,378,378,1,50,1,1,300,300,0.1392405063291139,3,6,2023,28
378,379,379,2,47,3,1,25,25,0.0,1,2,2023,5
379,380,380,1,56,2,2,300,600,0.2911392405063291,3,5,2023,6
380,381,381,2,44,3,4,25,100,0.0379746835443038,1,7,2023,9
381,382,382,2,53,3,2,500,1000,0.4936708860759494,3,5,2023,26
382,383,383,2,46,1,3,30,90,0.0329113924050632,1,3,2023,22
383,384,384,1,55,3,1,500,500,0.240506329113924,3,8,2023,13
384,385,385,1,50,2,3,500,1500,0.7468354430379747,3,10,2023,6
385,386,386,2,54,2,2,300,600,0.2911392405063291,3,12,2023,27
386,387,387,1,44,1,1,30,30,0.0025316455696202,1,6,2023,4
387,388,388,1,50,2,1,25,25,0.0,1,11,2023,10
388,389,389,1,21,3,2,25,50,0.0126582278481012,1,12,2023,1
389,390,390,1,39,2,2,50,100,0.0379746835443038,1,9,2023,28
390,391,391,1,19,1,2,25,50,0.0126582278481012,1,1,2023,5
391,392,392,1,27,3,2,300,600,0.2911392405063291,3,12,2023,8
392,393,393,2,22,1,2,500,1000,0.4936708860759494,3,10,2023,11
393,394,394,2,27,3,1,500,500,0.240506329113924,3,6,2023,3
394,395,395,1,50,2,2,500,1000,0.4936708860759494,3,12,2023,6
395,396,396,2,55,1,1,30,30,0.0025316455696202,1,2,2023,23
396,397,397,2,30,1,1,25,25,0.0,1,3,2023,10
397,398,398,2,48,3,2,300,600,0.2911392405063291,3,5,2023,16
398,399,399,2,64,1,2,30,60,0.0177215189873417,1,3,2023,1
399,400,400,1,53,3,4,50,200,0.0886075949367088,3,2,2023,24
400,401,401,2,62,3,1,300,300,0.1392405063291139,3,10,2023,11
401,402,402,2,41,3,2,300,600,0.2911392405063291,3,3,2023,21
402,403,403,1,32,3,2,300,600,0.2911392405063291,3,5,2023,20
403,404,404,1,46,2,2,500,1000,0.4936708860759494,3,5,2023,25
404,405,405,2,25,3,4,300,1200,0.5949367088607594,3,11,2023,6
405,406,406,2,22,1,4,25,100,0.0379746835443038,1,4,2023,18
406,407,407,2,46,2,3,300,900,0.4430379746835443,3,6,2023,25
407,408,408,2,64,1,1,500,500,0.240506329113924,3,4,2023,15
408,409,409,2,21,2,3,300,900,0.4430379746835443,3,12,2023,18
409,410,410,2,29,3,2,50,100,0.0379746835443038,1,11,2023,21
410,411,411,1,62,2,4,50,200,0.0886075949367088,3,5,2023,16
411,412,412,2,19,2,4,500,2000,1.0,3,9,2023,16
412,413,413,2,44,1,3,25,75,0.0253164556962025,1,9,2023,8
413,414,414,1,48,1,4,25,100,0.0379746835443038,1,5,2023,9
414,415,415,1,53,3,2,30,60,0.0177215189873417,1,1,2023,27
415,416,416,1,53,2,4,500,2000,1.0,3,2,2023,17
416,417,417,1,43,2,3,300,900,0.4430379746835443,3,11,2023,21
417,418,418,2,60,2,2,500,1000,0.4936708860759494,3,8,2023,5
418,419,419,2,44,3,3,30,90,0.0329113924050632,1,5,2023,22
419,420,420,2,22,3,4,500,2000,1.0,3,1,2023,23
420,421,421,2,37,3,3,500,1500,0.7468354430379747,3,1,2023,2
421,422,422,2,28,3,3,30,90,0.0329113924050632,1,6,2023,20
422,423,423,2,27,3,1,25,25,0.0,1,3,2023,8
423,424,424,1,57,1,4,300,1200,0.5949367088607594,3,11,2023,23
424,425,425,2,55,2,4,30,120,0.0481012658227848,3,5,2023,15
425,426,426,1,23,2,3,50,150,0.0632911392405063,3,3,2023,24
426,427,427,1,25,2,1,25,25,0.0,1,8,2023,15
427,428,428,2,40,2,4,50,200,0.0886075949367088,3,10,2023,10
428,429,429,1,64,2,2,25,50,0.0126582278481012,1,12,2023,28
429,430,430,2,43,2,3,300,900,0.4430379746835443,3,8,2023,7
430,431,431,1,63,2,4,300,1200,0.5949367088607594,3,10,2023,15
431,432,432,2,60,2,2,500,1000,0.4936708860759494,3,1,2023,5
432,433,433,1,29,1,4,50,200,0.0886075949367088,3,2,2023,27
433,434,434,2,43,2,2,25,50,0.0126582278481012,1,2,2023,8
434,435,435,2,30,1,3,300,900,0.4430379746835443,3,12,2023,20
435,436,436,2,57,3,4,30,120,0.0481012658227848,3,3,2023,18
436,437,437,2,35,2,4,300,1200,0.5949367088607594,3,10,2023,7
437,438,438,2,42,3,1,30,30,0.0025316455696202,1,1,2023,19
438,439,439,1,50,3,3,25,75,0.0253164556962025,1,7,2023,9
439,440,440,1,64,3,2,300,600,0.2911392405063291,3,10,2023,26
440,441,441,1,57,1,4,300,1200,0.5949367088607594,3,10,2023,10
441,442,442,2,60,3,4,25,100,0.0379746835443038,1,3,2023,17
442,443,443,1,29,3,2,300,600,0.2911392405063291,3,8,2023,9
443,444,444,2,61,3,3,30,90,0.0329113924050632,1,3,2023,7
444,445,445,2,53,2,1,300,300,0.1392405063291139,3,1,2023,22
445,446,446,1,21,2,1,50,50,0.0126582278481012,1,6,2023,7
446,447,447,1,22,1,4,500,2000,1.0,3,7,2023,6
447,448,448,2,54,1,2,30,60,0.0177215189873417,1,1,2023,21
448,449,449,1,25,2,4,50,200,0.0886075949367088,3,7,2023,3
449,450,450,2,59,1,2,25,50,0.0126582278481012,1,4,2023,18
450,451,451,2,45,2,1,30,30,0.0025316455696202,1,12,2023,16
451,452,452,2,48,3,3,500,1500,0.7468354430379747,3,5,2023,8
452,453,453,2,26,3,2,500,1000,0.4936708860759494,3,12,2023,8
453,454,454,2,46,1,1,25,25,0.0,1,2,2023,22
454,455,455,1,31,2,4,25,100,0.0379746835443038,1,7,2023,1
455,456,456,1,57,2,2,30,60,0.0177215189873417,1,10,2023,14
456,457,457,2,58,1,3,300,900,0.4430379746835443,3,7,2023,28
457,458,458,2,39,2,4,25,100,0.0379746835443038,1,11,2023,14
458,459,459,1,28,3,4,300,1200,0.5949367088607594,3,3,2023,21
459,460,460,1,40,1,1,50,50,0.0126582278481012,1,5,2023,2
460,461,461,2,18,1,2,500,1000,0.4936708860759494,3,3,2023,25
461,462,462,1,63,2,4,300,1200,0.5949367088607594,3,4,2023,1
462,463,463,2,54,1,3,500,1500,0.7468354430379747,3,7,2023,31
463,464,464,1,38,2,2,300,600,0.2911392405063291,3,1,2023,13
464,465,465,2,43,2,3,50,150,0.0632911392405063,3,4,2023,2
465,466,466,1,63,2,4,25,100,0.0379746835443038,1,6,2023,20
466,467,467,2,53,2,3,50,150,0.0632911392405063,3,7,2023,30
467,468,468,1,40,2,1,25,25,0.0,1,12,2023,9
468,469,469,1,18,1,3,25,75,0.0253164556962025,1,5,2023,8
469,470,470,2,57,3,2,500,1000,0.4936708860759494,3,5,2023,17
470,471,471,1,32,3,3,50,150,0.0632911392405063,3,3,2023,23
471,472,472,2,38,1,3,300,900,0.4430379746835443,3,12,2023,26
472,473,473,1,64,1,1,50,50,0.0126582278481012,1,2,2023,25
473,474,474,2,26,3,3,500,1500,0.7468354430379747,3,7,2023,15
474,475,475,1,26,3,3,25,75,0.0253164556962025,1,1,2023,20
475,476,476,2,27,3,4,500,2000,1.0,3,8,2023,29
476,477,477,1,43,3,4,30,120,0.0481012658227848,3,4,2023,24
477,478,478,2,58,3,2,30,60,0.0177215189873417,1,4,2023,13
478,479,479,1,52,2,4,300,1200,0.5949367088607594,3,8,2023,24
479,480,480,2,42,1,4,500,2000,1.0,3,6,2023,29
480,481,481,2,43,2,4,300,1200,0.5949367088607594,3,6,2023,6
481,482,482,2,28,3,4,300,1200,0.5949367088607594,3,4,2023,27
482,483,483,1,55,3,1,30,30,0.0025316455696202,1,4,2023,25
483,484,484,2,19,3,4,300,1200,0.5949367088607594,3,1,2023,13
484,485,485,1,24,2,1,30,30,0.0025316455696202,1,12,2023,4
485,486,486,2,35,2,1,25,25,0.0,1,4,2023,9
486,487,487,1,44,3,4,500,2000,1.0,3,7,2023,24
487,488,488,2,51,2,3,300,900,0.4430379746835443,3,6,2023,18
488,489,489,1,44,2,1,30,30,0.0025316455696202,1,5,2023,23
489,490,490,1,34,3,3,50,150,0.0632911392405063,3,2,2023,5
490,491,491,2,60,2,3,300,900,0.4430379746835443,3,5,2023,23
491,492,492,1,61,1,4,25,100,0.0379746835443038,1,6,2023,29
492,493,493,1,41,1,2,25,50,0.0126582278481012,1,11,2023,25
493,494,494,2,42,1,4,50,200,0.0886075949367088,3,9,2023,18
494,495,495,1,24,1,2,30,60,0.0177215189873417,1,7,2023,24
495,496,496,1,23,3,2,300,600,0.2911392405063291,3,12,2023,14
496,497,497,1,41,3,4,30,120,0.0481012658227848,3,10,2023,2
497,498,498,2,50,3,4,25,100,0.0379746835443038,1,6,2023,19
498,499,499,1,46,1,2,30,60,0.0177215189873417,1,1,2023,15
499,500,500,2,60,1,4,25,100,0.0379746835443038,1,3,2023,1
500,501,501,1,39,2,2,30,60,0.0177215189873417,1,5,2023,14
501,502,502,1,43,2,3,50,150,0.0632911392405063,3,4,2023,2
502,503,503,1,45,1,4,500,2000,1.0,3,10,2023,25
503,504,504,2,38,1,3,50,150,0.0632911392405063,3,5,2023,16
504,505,505,1,24,1,1,50,50,0.0126582278481012,1,1,2023,20
505,506,506,1,34,1,3,500,1500,0.7468354430379747,3,2,2023,25
506,507,507,2,37,2,3,500,1500,0.7468354430379747,3,11,2023,2
507,508,508,1,58,1,2,300,600,0.2911392405063291,3,8,2023,11
508,509,509,2,37,2,3,300,900,0.4430379746835443,3,6,2023,26
509,510,510,2,39,1,4,50,200,0.0886075949367088,3,6,2023,10
510,511,511,1,45,1,2,50,100,0.0379746835443038,1,8,2023,12
511,512,512,2,57,1,1,25,25,0.0,1,11,2023,7
512,513,513,1,24,2,4,25,100,0.0379746835443038,1,9,2023,19
513,514,514,2,18,2,1,300,300,0.1392405063291139,3,3,2023,1
514,515,515,2,49,3,3,300,900,0.4430379746835443,3,7,2023,17
515,516,516,1,30,1,4,25,100,0.0379746835443038,1,10,2023,23
516,517,517,2,47,3,4,25,100,0.0379746835443038,1,4,2023,8
517,518,518,2,40,3,1,30,30,0.0025316455696202,1,5,2023,11
518,519,519,2,36,2,4,30,120,0.0481012658227848,3,1,2023,23
519,520,520,2,49,2,4,25,100,0.0379746835443038,1,12,2023,29
520,521,521,2,47,3,4,30,120,0.0481012658227848,3,8,2023,12
521,522,522,1,46,1,3,500,1500,0.7468354430379747,3,1,2023,1
522,523,523,2,62,2,1,300,300,0.1392405063291139,3,9,2023,24
523,524,524,1,46,1,4,300,1200,0.5949367088607594,3,10,2023,3
524,525,525,2,47,1,2,25,50,0.0126582278481012,1,12,2023,18
525,526,526,1,33,3,2,50,100,0.0379746835443038,1,12,2023,10
526,527,527,1,57,3,2,25,50,0.0126582278481012,1,4,2023,11
527,528,528,2,36,3,2,30,60,0.0177215189873417,1,7,2023,6
528,529,529,2,35,3,3,50,150,0.0632911392405063,3,8,2023,9
529,530,530,2,18,2,4,30,120,0.0481012658227848,3,2,2023,5
530,531,531,1,31,2,1,500,500,0.240506329113924,3,12,2023,7
531,532,532,2,64,3,4,30,120,0.0481012658227848,3,6,2023,19
532,533,533,1,19,2,3,500,1500,0.7468354430379747,3,11,2023,16
533,534,534,1,45,3,2,500,1000,0.4936708860759494,3,6,2023,10
534,535,535,1,47,1,3,30,90,0.0329113924050632,1,12,2023,6
535,536,536,2,55,1,4,30,120,0.0481012658227848,3,3,2023,5
536,537,537,2,21,1,1,500,500,0.240506329113924,3,6,2023,3
537,538,538,1,18,3,3,50,150,0.0632911392405063,3,9,2023,17
538,539,539,1,25,1,1,500,500,0.240506329113924,3,6,2023,8
539,540,540,2,46,2,3,300,900,0.4430379746835443,3,12,2023,8
540,541,541,1,56,1,1,500,500,0.240506329113924,3,7,2023,29
541,542,542,2,20,1,1,50,50,0.0126582278481012,1,6,2023,17
542,543,543,1,49,1,2,300,600,0.2911392405063291,3,7,2023,26
543,544,544,2,27,2,1,25,25,0.0,1,12,2023,23
544,545,545,1,27,3,2,25,50,0.0126582278481012,1,6,2023,1
545,546,546,2,36,2,4,50,200,0.0886075949367088,3,10,2023,11
546,547,547,1,63,3,4,500,2000,1.0,3,3,2023,7
547,548,548,2,51,3,2,30,60,0.0177215189873417,1,4,2023,9
548,549,549,2,50,1,2,50,100,0.0379746835443038,1,8,2023,4
549,550,550,1,40,3,3,300,900,0.4430379746835443,3,12,2023,7
550,551,551,1,45,2,3,300,900,0.4430379746835443,3,7,2023,14
551,552,552,2,49,2,3,25,75,0.0253164556962025,1,12,2023,13
552,553,553,1,24,3,4,300,1200,0.5949367088607594,3,3,2023,31
553,554,554,2,46,1,3,50,150,0.0632911392405063,3,11,2023,12
554,555,555,1,25,1,1,300,300,0.1392405063291139,3,10,2023,19
555,556,556,2,18,2,1,50,50,0.0126582278481012,1,6,2023,4
556,557,557,2,20,1,3,30,90,0.0329113924050632,1,7,2023,27
557,558,558,2,41,3,1,25,25,0.0,1,10,2023,8
558,559,559,2,40,3,4,300,1200,0.5949367088607594,3,1,2023,1
559,560,560,2,25,2,1,50,50,0.0126582278481012,1,6,2023,5
560,561,561,2,64,3,4,500,2000,1.0,3,5,2023,27
561,562,562,1,54,2,2,25,50,0.0126582278481012,1,4,2023,18
562,563,563,1,20,3,2,30,60,0.0177215189873417,1,8,2023,9
563,564,564,1,50,2,2,50,100,0.0379746835443038,1,10,2023,24
564,565,565,2,45,1,2,30,60,0.0177215189873417,1,11,2023,7
565,566,566,2,64,3,1,30,30,0.0025316455696202,1,12,2023,2
566,567,567,2,25,3,3,300,900,0.4430379746835443,3,6,2023,14
567,568,568,2,51,2,1,300,300,0.1392405063291139,3,8,2023,27
568,569,569,1,52,2,4,50,200,0.0886075949367088,3,8,2023,15
569,570,570,1,49,3,1,500,500,0.240506329113924,3,8,2023,15
570,571,571,2,41,2,1,50,50,0.0126582278481012,1,12,2023,12
571,572,572,1,31,3,4,500,2000,1.0,3,4,2023,20
572,573,573,1,49,1,2,30,60,0.0177215189873417,1,9,2023,19
573,574,574,2,63,2,2,25,50,0.0126582278481012,1,8,2023,31
574,575,575,1,60,3,2,50,100,0.0379746835443038,1,3,2023,28
575,576,576,2,33,1,3,50,150,0.0632911392405063,3,12,2023,4
576,577,577,1,21,1,4,500,2000,1.0,3,2,2023,13
577,578,578,2,54,3,4,30,120,0.0481012658227848,3,5,2023,26
578,579,579,2,38,2,1,30,30,0.0025316455696202,1,9,2023,21
579,580,580,2,31,3,3,500,1500,0.7468354430379747,3,12,2023,6
580,581,581,2,48,1,2,30,60,0.0177215189873417,1,11,2023,21
581,582,582,1,35,3,3,300,900,0.4430379746835443,3,11,2023,14
582,583,583,2,24,2,4,25,100,0.0379746835443038,1,6,2023,21
583,584,584,2,27,1,4,50,200,0.0886075949367088,3,2,2023,17
584,585,585,2,24,3,1,25,25,0.0,1,5,2023,1
585,586,586,1,50,2,1,50,50,0.0126582278481012,1,12,2023,11
586,587,587,2,40,1,4,300,1200,0.5949367088607594,3,6,2023,8
587,588,588,1,38,2,2,30,60,0.0177215189873417,1,4,2023,26
588,589,589,2,36,1,2,500,1000,0.4936708860759494,3,4,2023,12
589,590,590,1,36,3,3,300,900,0.4430379746835443,3,3,2023,17
590,591,591,1,53,2,4,25,100,0.0379746835443038,1,1,2023,13
591,592,592,2,46,1,4,500,2000,1.0,3,1,2023,24
592,593,593,1,35,2,2,30,60,0.0177215189873417,1,5,2023,6
593,594,594,2,19,2,2,300,600,0.2911392405063291,3,9,2023,1
594,595,595,2,18,3,4,500,2000,1.0,3,11,2023,9
595,596,596,2,64,2,1,300,300,0.1392405063291139,3,2,2023,7
596,597,597,1,22,1,4,300,1200,0.5949367088607594,3,8,2023,22
597,598,598,1,37,1,4,30,120,0.0481012658227848,3,8,2023,1
598,599,599,2,28,1,2,50,100,0.0379746835443038,1,11,2023,19
599,600,600,2,59,1,2,500,1000,0.4936708860759494,3,10,2023,22
600,601,601,1,19,3,1,30,30,0.0025316455696202,1,4,2023,10
601,602,602,2,20,2,1,300,300,0.1392405063291139,3,12,2023,23
602,603,603,2,40,3,3,30,90,0.0329113924050632,1,7,2023,16
603,604,604,2,29,2,4,50,200,0.0886075949367088,3,9,2023,11
604,605,605,1,37,2,2,500,1000,0.4936708860759494,3,7,2023,24
605,606,606,1,22,2,1,50,50,0.0126582278481012,1,5,2023,5
606,607,607,1,54,3,3,25,75,0.0253164556962025,1,3,2023,17
607,608,608,2,55,2,3,500,1500,0.7468354430379747,3,12,2023,2
608,609,609,2,47,3,2,50,100,0.0379746835443038,1,12,2023,19
609,610,610,2,26,1,2,300,600,0.2911392405063291,3,1,2023,3
610,611,611,1,51,1,3,500,1500,0.7468354430379747,3,2,2023,24
611,612,612,2,61,2,1,500,500,0.240506329113924,3,8,2023,6
612,613,613,2,52,3,3,30,90,0.0329113924050632,1,4,2023,23
613,614,614,2,39,1,4,300,1200,0.5949367088607594,3,4,2023,1
614,615,615,2,61,3,4,25,100,0.0379746835443038,1,12,2023,23
615,616,616,1,41,3,2,50,100,0.0379746835443038,1,9,2023,23
616,617,617,1,34,2,1,30,30,0.0025316455696202,1,8,2023,26
617,618,618,2,27,1,1,50,50,0.0126582278481012,1,1,2023,26
618,619,619,1,47,2,4,25,100,0.0379746835443038,1,10,2023,13
619,620,620,1,63,2,3,25,75,0.0253164556962025,1,5,2023,8
620,621,621,2,40,1,2,500,1000,0.4936708860759494,3,3,2023,4
621,622,622,2,49,1,3,25,75,0.0253164556962025,1,8,2023,22
622,623,623,1,34,3,3,50,150,0.0632911392405063,3,3,2023,10
623,624,624,2,34,1,3,300,900,0.4430379746835443,3,8,2023,26
624,625,625,1,31,3,1,300,300,0.1392405063291139,3,12,2023,8
625,626,626,2,26,3,4,500,2000,1.0,3,9,2023,29
626,627,627,1,57,3,1,50,50,0.0126582278481012,1,10,2023,14
627,628,628,2,19,1,4,50,200,0.0886075949367088,3,11,2023,1
628,629,629,1,62,2,2,25,50,0.0126582278481012,1,6,2023,12
629,630,630,1,42,3,2,50,100,0.0379746835443038,1,8,2023,15
630,631,631,1,56,2,3,30,90,0.0329113924050632,1,11,2023,10
631,632,632,2,26,2,4,25,100,0.0379746835443038,1,9,2023,16
632,633,633,1,39,1,4,30,120,0.0481012658227848,3,8,2023,7
633,634,634,1,60,2,4,500,2000,1.0,3,10,2023,8
634,635,635,2,63,2,3,300,900,0.4430379746835443,3,8,2023,17
635,636,636,2,21,1,3,500,1500,0.7468354430379747,3,3,2023,23
636,637,637,1,43,3,2,300,600,0.2911392405063291,3,9,2023,1
637,638,638,1,46,2,1,500,500,0.240506329113924,3,8,2023,19
638,639,639,2,62,1,4,50,200,0.0886075949367088,3,5,2023,13
639,640,640,2,51,2,4,30,120,0.0481012658227848,3,5,2023,7
640,641,641,2,40,2,1,300,300,0.1392405063291139,3,11,2023,23
641,642,642,2,54,3,4,25,100,0.0379746835443038,1,5,2023,22
642,643,643,2,28,2,3,30,90,0.0329113924050632,1,9,2023,24
643,644,644,1,23,1,3,25,75,0.0253164556962025,1,9,2023,6
644,645,645,2,35,2,4,30,120,0.0481012658227848,3,11,2023,17
645,646,646,1,38,3,3,30,90,0.0329113924050632,1,5,2023,3
646,647,647,1,59,3,3,500,1500,0.7468354430379747,3,5,2023,21
647,648,648,1,53,1,4,300,1200,0.5949367088607594,3,8,2023,14
648,649,649,2,58,3,2,300,600,0.2911392405063291,3,2,2023,9
649,650,650,1,55,2,1,30,30,0.0025316455696202,1,1,2024,1
650,651,651,1,51,3,3,50,150,0.0632911392405063,3,5,2023,27
651,652,652,2,34,1,2,50,100,0.0379746835443038,1,5,2023,1
652,653,653,1,54,3,3,25,75,0.0253164556962025,1,5,2023,20
653,654,654,1,42,3,3,25,75,0.0253164556962025,1,6,2023,21
654,655,655,2,55,3,1,500,500,0.240506329113924,3,6,2023,13
655,656,656,1,29,1,3,30,90,0.0329113924050632,1,10,2023,4
656,657,657,1,40,3,1,25,25,0.0,1,2,2023,11
657,658,658,1,59,3,1,25,25,0.0,1,3,2023,12
658,659,659,2,39,2,1,30,30,0.0025316455696202,1,3,2023,19
659,660,660,2,38,1,2,500,1000,0.4936708860759494,3,4,2023,29
660,661,661,2,44,3,4,25,100,0.0379746835443038,1,7,2023,16
661,662,662,1,48,1,2,500,1000,0.4936708860759494,3,12,2023,22
662,663,663,1,23,3,4,300,1200,0.5949367088607594,3,3,2023,20
663,664,664,2,44,3,4,500,2000,1.0,3,12,2023,28
664,665,665,1,57,3,1,50,50,0.0126582278481012,1,4,2023,20
665,666,666,1,51,2,3,50,150,0.0632911392405063,3,2,2023,2
666,667,667,2,29,2,1,500,500,0.240506329113924,3,8,2023,1
667,668,668,2,62,2,3,50,150,0.0632911392405063,3,7,2023,28
668,669,669,1,24,1,4,300,1200,0.5949367088607594,3,6,2023,19
669,670,670,1,27,1,1,30,30,0.0025316455696202,1,10,2023,5
670,671,671,1,62,2,3,50,150,0.0632911392405063,3,8,2023,27
671,672,672,2,34,1,2,50,100,0.0379746835443038,1,8,2023,1
672,673,673,2,43,3,3,500,1500,0.7468354430379747,3,2,2023,1
673,674,674,2,38,3,1,300,300,0.1392405063291139,3,4,2023,16
674,675,675,2,45,3,2,30,60,0.0177215189873417,1,8,2023,4
675,676,676,1,63,2,3,500,1500,0.7468354430379747,3,7,2023,19
676,677,677,2,19,1,3,500,1500,0.7468354430379747,3,10,2023,27
677,678,678,2,60,2,3,300,900,0.4430379746835443,3,12,2023,23
678,679,679,2,18,1,3,30,90,0.0329113924050632,1,1,2023,11
679,680,680,2,53,3,3,300,900,0.4430379746835443,3,10,2023,22
680,681,681,2,43,2,2,30,60,0.0177215189873417,1,7,2023,14
681,682,682,1,46,1,4,300,1200,0.5949367088607594,3,9,2023,2
682,683,683,1,38,1,2,500,1000,0.4936708860759494,3,1,2023,4
683,684,684,2,28,3,2,500,1000,0.4936708860759494,3,6,2023,30
684,685,685,1,57,2,2,25,50,0.0126582278481012,1,6,2023,2
685,686,686,2,28,2,4,50,200,0.0886075949367088,3,7,2023,19
686,687,687,2,53,2,1,300,300,0.1392405063291139,3,8,2023,3
687,688,688,1,56,3,4,25,100,0.0379746835443038,1,10,2023,3
688,689,689,1,57,2,2,50,100,0.0379746835443038,1,10,2023,7
689,690,690,2,52,3,3,300,900,0.4430379746835443,3,11,2023,5
690,691,691,2,51,3,3,30,90,0.0329113924050632,1,4,2023,23
691,692,692,2,64,3,2,50,100,0.0379746835443038,1,9,2023,7
692,693,693,1,41,1,3,500,1500,0.7468354430379747,3,4,2023,23
693,694,694,2,39,2,2,25,50,0.0126582278481012,1,5,2023,20
694,695,695,2,22,2,3,50,150,0.0632911392405063,3,8,2023,12
695,696,696,2,50,3,4,50,200,0.0886075949367088,3,9,2023,6
696,697,697,1,53,3,1,500,500,0.240506329113924,3,1,2023,15
697,698,698,2,64,2,1,300,300,0.1392405063291139,3,7,2023,19
698,699,699,2,37,3,4,30,120,0.0481012658227848,3,6,2023,22
699,700,700,1,36,2,4,500,2000,1.0,3,12,2023,9
700,701,701,2,52,1,2,30,60,0.0177215189873417,1,12,2023,14
701,702,702,2,60,3,2,300,600,0.2911392405063291,3,7,2023,27
702,703,703,1,34,2,2,50,100,0.0379746835443038,1,3,2023,26
703,704,704,2,62,3,3,30,90,0.0329113924050632,1,8,2023,28
704,705,705,1,60,2,2,25,50,0.0126582278481012,1,3,2023,7
705,706,706,1,51,2,4,25,100,0.0379746835443038,1,11,2023,15
706,707,707,2,26,3,1,500,500,0.240506329113924,3,10,2023,1
707,708,708,2,43,1,3,300,900,0.4430379746835443,3,1,2023,14
708,709,709,2,19,2,2,500,1000,0.4936708860759494,3,7,2023,21
709,710,710,2,26,2,3,500,1500,0.7468354430379747,3,10,2023,31
710,711,711,1,26,2,3,500,1500,0.7468354430379747,3,10,2023,16
711,712,712,2,57,1,2,25,50,0.0126582278481012,1,12,2023,6
712,713,713,1,34,1,3,25,75,0.0253164556962025,1,1,2023,14
713,714,714,2,18,3,1,500,500,0.240506329113924,3,2,2023,12
714,715,715,2,42,1,4,25,100,0.0379746835443038,1,11,2023,26
715,716,716,2,60,3,4,300,1200,0.5949367088607594,3,8,2023,8
716,717,717,1,57,3,1,500,500,0.240506329113924,3,3,2023,11
717,718,718,2,59,1,3,25,75,0.0253164556962025,1,8,2023,25
718,719,719,2,42,3,2,30,60,0.0177215189873417,1,4,2023,4
719,720,720,2,56,1,3,500,1500,0.7468354430379747,3,1,2023,26
720,721,721,2,52,3,1,500,500,0.240506329113924,3,5,2023,14
721,722,722,1,20,1,3,300,900,0.4430379746835443,3,7,2023,14
722,723,723,2,54,1,4,50,200,0.0886075949367088,3,6,2023,17
723,724,724,1,61,3,3,50,150,0.0632911392405063,3,4,2023,19
724,725,725,1,61,2,1,300,300,0.1392405063291139,3,8,2023,21
725,726,726,1,47,3,4,300,1200,0.5949367088607594,3,6,2023,17
726,727,727,1,55,1,3,300,900,0.4430379746835443,3,6,2023,22
727,728,728,1,51,2,3,50,150,0.0632911392405063,3,7,2023,14
728,729,729,1,29,3,4,300,1200,0.5949367088607594,3,5,2023,23
729,730,730,2,36,3,2,25,50,0.0126582278481012,1,8,2023,4
730,731,731,1,54,3,4,500,2000,1.0,3,5,2023,10
731,732,732,1,61,2,2,500,1000,0.4936708860759494,3,2,2023,11
732,733,733,1,34,1,1,30,30,0.0025316455696202,1,8,2023,29
733,734,734,2,27,3,1,30,30,0.0025316455696202,1,1,2023,10
734,735,735,2,64,3,4,500,2000,1.0,3,10,2023,4
735,736,736,1,29,3,4,25,100,0.0379746835443038,1,1,2023,27
736,737,737,2,33,3,1,50,50,0.0126582278481012,1,6,2023,29
737,738,738,1,41,3,2,50,100,0.0379746835443038,1,4,2023,25
738,739,739,1,36,1,1,25,25,0.0,1,11,2023,29
739,740,740,2,25,1,4,50,200,0.0886075949367088,3,2,2023,5
740,741,741,1,48,3,1,300,300,0.1392405063291139,3,11,2023,30
741,742,742,2,38,2,4,500,2000,1.0,3,1,2023,21
742,743,743,2,34,1,4,500,2000,1.0,3,1,2023,16
743,744,744,1,40,2,1,25,25,0.0,1,5,2023,7
744,745,745,1,54,1,2,50,100,0.0379746835443038,1,4,2023,13
745,746,746,2,33,3,3,30,90,0.0329113924050632,1,1,2023,11
746,747,747,1,23,1,1,30,30,0.0025316455696202,1,11,2023,15
747,748,748,1,25,3,3,50,150,0.0632911392405063,3,3,2023,20
748,749,749,1,42,1,1,30,30,0.0025316455696202,1,5,2023,3
749,750,750,2,35,3,3,25,75,0.0253164556962025,1,3,2023,6
750,751,751,2,42,3,2,25,50,0.0126582278481012,1,8,2023,31
751,752,752,1,29,3,2,50,100,0.0379746835443038,1,12,2023,9
752,753,753,2,32,3,1,30,30,0.0025316455696202,1,2,2023,28
753,754,754,2,43,2,4,25,100,0.0379746835443038,1,10,2023,16
754,755,755,2,58,3,3,25,75,0.0253164556962025,1,4,2023,22
755,756,756,2,62,2,4,300,1200,0.5949367088607594,3,8,2023,27
756,757,757,2,43,2,4,300,1200,0.5949367088607594,3,12,2023,25
757,758,758,1,64,3,4,25,100,0.0379746835443038,1,5,2023,12
758,759,759,1,49,2,2,50,100,0.0379746835443038,1,7,2023,8
759,760,760,1,27,1,1,500,500,0.240506329113924,3,3,2023,27
760,761,761,2,33,3,1,500,500,0.240506329113924,3,11,2023,7
761,762,762,2,24,2,2,25,50,0.0126582278481012,1,11,2023,7
762,763,763,1,34,3,2,25,50,0.0126582278481012,1,2,2023,28
763,764,764,2,40,3,1,25,25,0.0,1,3,2023,25
764,765,765,1,43,3,4,50,200,0.0886075949367088,3,6,2023,9
765,766,766,1,38,2,3,300,900,0.4430379746835443,3,2,2023,25
766,767,767,1,39,1,3,25,75,0.0253164556962025,1,10,2023,24
767,768,768,2,24,1,3,25,75,0.0253164556962025,1,1,2023,14
768,769,769,2,31,2,4,30,120,0.0481012658227848,3,6,2023,9
769,770,770,1,32,3,1,50,50,0.0126582278481012,1,10,2023,22
770,771,771,1,24,2,2,25,50,0.0126582278481012,1,12,2023,13
771,772,772,1,26,2,1,30,30,0.0025316455696202,1,7,2023,12
772,773,773,1,25,2,4,500,2000,1.0,3,7,2023,23
773,774,774,2,40,3,2,25,50,0.0126582278481012,1,4,2023,12
774,775,775,2,46,2,4,25,100,0.0379746835443038,1,2,2023,8
775,776,776,1,35,3,3,30,90,0.0329113924050632,1,10,2023,31
776,777,777,1,48,2,3,50,150,0.0632911392405063,3,12,2023,20
777,778,778,2,47,1,4,25,100,0.0379746835443038,1,11,2023,18
778,779,779,2,56,2,2,500,1000,0.4936708860759494,3,5,2023,5
779,780,780,1,52,2,2,25,50,0.0126582278481012,1,2,2023,22
780,781,781,1,35,1,1,500,500,0.240506329113924,3,12,2023,23
781,782,782,1,59,3,3,300,900,0.4430379746835443,3,6,2023,4
782,783,783,2,56,3,1,300,300,0.1392405063291139,3,12,2023,17
783,784,784,2,34,2,1,500,500,0.240506329113924,3,11,2023,4
784,785,785,2,31,1,4,50,200,0.0886075949367088,3,3,2023,3
785,786,786,1,48,3,4,25,100,0.0379746835443038,1,10,2023,17
786,787,787,1,41,2,1,25,25,0.0,1,1,2023,22
787,788,788,2,52,1,3,300,900,0.4430379746835443,3,6,2023,27
788,789,789,2,61,3,4,500,2000,1.0,3,9,2023,30
789,790,790,1,62,3,1,25,25,0.0,1,8,2023,8
790,791,791,2,51,1,1,25,25,0.0,1,12,2023,5
791,792,792,2,20,1,1,50,50,0.0126582278481012,1,7,2023,9
792,793,793,1,54,1,1,30,30,0.0025316455696202,1,2,2023,5
793,794,794,2,60,1,1,300,300,0.1392405063291139,3,9,2023,17
794,795,795,1,57,2,1,300,300,0.1392405063291139,3,11,2023,28
795,796,796,1,43,1,4,30,120,0.0481012658227848,3,6,2023,24
796,797,797,1,40,3,3,25,75,0.0253164556962025,1,1,2023,7
797,798,798,1,61,3,1,50,50,0.0126582278481012,1,8,2023,4
798,799,799,1,56,2,2,50,100,0.0379746835443038,1,9,2023,8
799,800,800,1,32,3,4,300,1200,0.5949367088607594,3,2,2023,24
800,801,801,1,21,3,4,50,200,0.0886075949367088,3,8,2023,10
801,802,802,2,46,1,1,30,30,0.0025316455696202,1,7,2023,5
802,803,803,1,39,3,4,25,100,0.0379746835443038,1,11,2023,22
803,804,804,1,42,2,1,30,30,0.0025316455696202,1,8,2023,24
804,805,805,2,30,1,3,500,1500,0.7468354430379747,3,12,2023,29
805,806,806,2,35,1,3,300,900,0.4430379746835443,3,3,2023,20
806,807,807,2,50,2,4,50,200,0.0886075949367088,3,8,2023,11
807,808,808,1,33,1,4,500,2000,1.0,3,4,2023,1
808,809,809,2,62,1,2,50,100,0.0379746835443038,1,9,2023,25
809,810,810,1,59,2,4,25,100,0.0379746835443038,1,11,2023,30
810,811,811,1,61,1,2,25,50,0.0126582278481012,1,5,2023,19
811,812,812,1,19,2,3,25,75,0.0253164556962025,1,11,2023,12
812,813,813,1,52,2,3,50,150,0.0632911392405063,3,10,2023,3
813,814,814,2,59,3,1,500,500,0.240506329113924,3,9,2023,5
814,815,815,2,51,3,3,25,75,0.0253164556962025,1,8,2023,27
815,816,816,1,47,1,2,500,1000,0.4936708860759494,3,8,2023,12
816,817,817,1,30,1,4,50,200,0.0886075949367088,3,10,2023,31
817,818,818,1,30,2,1,500,500,0.240506329113924,3,5,2023,18
818,819,819,2,35,1,2,50,100,0.0379746835443038,1,6,2023,15
819,820,820,1,49,2,4,50,200,0.0886075949367088,3,5,2023,6
820,821,821,1,49,2,1,300,300,0.1392405063291139,3,2,2023,14
821,822,822,2,52,1,3,50,150,0.0632911392405063,3,5,2023,23
822,823,823,2,56,2,2,50,100,0.0379746835443038,1,8,2023,19
823,824,824,1,63,3,4,30,120,0.0481012658227848,3,5,2023,5
824,825,825,2,46,1,1,25,25,0.0,1,8,2023,26
825,826,826,2,46,3,1,300,300,0.1392405063291139,3,10,2023,19
826,827,827,1,61,1,3,300,900,0.4430379746835443,3,11,2023,9
827,828,828,2,33,2,4,300,1200,0.5949367088607594,3,12,2023,9
828,829,829,1,61,1,3,30,90,0.0329113924050632,1,7,2023,14
829,830,830,2,64,3,3,50,150,0.0632911392405063,3,6,2023,22
830,831,831,1,27,2,4,25,100,0.0379746835443038,1,1,2023,15
831,832,832,1,47,1,4,500,2000,1.0,3,9,2023,11
832,833,833,1,42,1,4,50,200,0.0886075949367088,3,6,2023,16
833,834,834,2,56,1,2,30,60,0.0177215189873417,1,4,2023,4
834,835,835,1,37,3,4,50,200,0.0886075949367088,3,9,2023,7
835,836,836,2,22,3,1,50,50,0.0126582278481012,1,4,2023,19
836,837,837,1,18,1,3,30,90,0.0329113924050632,1,7,2023,1
837,838,838,1,47,2,2,300,600,0.2911392405063291,3,5,2023,13
838,839,839,2,20,2,4,300,1200,0.5949367088607594,3,6,2023,24
839,840,840,1,62,3,2,25,50,0.0126582278481012,1,5,2023,24
840,841,841,1,31,2,4,25,100,0.0379746835443038,1,11,2023,2
841,842,842,2,47,3,2,300,600,0.2911392405063291,3,12,2023,26
842,843,843,1,21,1,3,500,1500,0.7468354430379747,3,5,2023,22
843,844,844,1,35,3,3,50,150,0.0632911392405063,3,10,2023,12
844,845,845,1,54,3,1,500,500,0.240506329113924,3,1,2023,6
845,846,846,1,42,1,1,50,50,0.0126582278481012,1,9,2023,22
846,847,847,2,18,2,4,300,1200,0.5949367088607594,3,4,2023,8
847,848,848,2,63,3,3,25,75,0.0253164556962025,1,2,2023,13
848,849,849,1,32,3,2,25,50,0.0126582278481012,1,5,2023,4
849,850,850,2,26,1,2,500,1000,0.4936708860759494,3,7,2023,28
850,851,851,1,32,2,2,25,50,0.0126582278481012,1,9,2023,8
851,852,852,2,41,3,1,300,300,0.1392405063291139,3,10,2023,12
852,853,853,1,21,1,2,500,1000,0.4936708860759494,3,5,2023,4
853,854,854,1,29,3,1,50,50,0.0126582278481012,1,12,2023,20
854,855,855,1,54,1,1,25,25,0.0,1,9,2023,1
855,856,856,1,54,2,4,30,120,0.0481012658227848,3,11,2023,27
856,857,857,1,60,2,2,25,50,0.0126582278481012,1,12,2023,31
857,858,858,1,23,2,2,50,100,0.0379746835443038,1,9,2023,9
858,859,859,2,56,2,3,500,1500,0.7468354430379747,3,8,2023,18
859,860,860,1,63,3,4,50,200,0.0886075949367088,3,1,2023,9
860,861,861,2,41,3,3,30,90,0.0329113924050632,1,2,2023,17
861,862,862,1,28,2,4,300,1200,0.5949367088607594,3,5,2023,31
862,863,863,2,30,2,2,25,50,0.0126582278481012,1,4,2023,24
863,864,864,2,51,2,1,500,500,0.240506329113924,3,7,2023,27
864,865,865,2,42,3,1,300,300,0.1392405063291139,3,12,2023,21
865,866,866,1,24,2,1,50,50,0.0126582278481012,1,5,2023,5
866,867,867,1,21,2,1,500,500,0.240506329113924,3,6,2023,6
867,868,868,2,25,2,1,300,300,0.1392405063291139,3,12,2023,6
868,869,869,1,37,1,3,500,1500,0.7468354430379747,3,10,2023,25
869,870,870,2,46,2,4,30,120,0.0481012658227848,3,7,2023,8
870,871,871,1,62,1,2,30,60,0.0177215189873417,1,8,2023,31
871,872,872,2,63,1,3,25,75,0.0253164556962025,1,10,2023,11
872,873,873,2,27,2,4,25,100,0.0379746835443038,1,9,2023,29
873,874,874,1,60,1,1,30,30,0.0025316455696202,1,6,2023,26
874,875,875,2,51,2,4,500,2000,1.0,3,8,2023,6
875,876,876,1,43,3,4,30,120,0.0481012658227848,3,10,2023,9
876,877,877,2,58,3,1,25,25,0.0,1,6,2023,19
877,878,878,2,20,3,1,30,30,0.0025316455696202,1,6,2023,30
878,879,879,1,23,3,1,30,30,0.0025316455696202,1,12,2023,26
879,880,880,1,22,1,2,500,1000,0.4936708860759494,3,8,2023,21
880,881,881,1,22,2,1,300,300,0.1392405063291139,3,5,2023,19
881,882,882,2,64,2,2,25,50,0.0126582278481012,1,6,2023,6
882,883,883,1,40,2,1,500,500,0.240506329113924,3,5,2023,9
883,884,884,2,26,3,2,30,60,0.0177215189873417,1,4,2023,29
884,885,885,2,52,3,4,30,120,0.0481012658227848,3,3,2023,3
885,886,886,1,37,2,3,300,900,0.4430379746835443,3,4,2023,9
886,887,887,1,59,3,4,25,100,0.0379746835443038,1,6,2023,11
887,888,888,2,52,2,4,25,100,0.0379746835443038,1,3,2023,3
888,889,889,2,35,2,1,50,50,0.0126582278481012,1,10,2023,2
889,890,890,1,34,2,2,25,50,0.0126582278481012,1,12,2023,20
890,891,891,1,41,2,3,300,900,0.4430379746835443,3,4,2023,5
891,892,892,1,20,2,1,50,50,0.0126582278481012,1,4,2023,9
892,893,893,1,49,2,1,50,50,0.0126582278481012,1,4,2023,21
893,894,894,1,52,2,1,30,30,0.0025316455696202,1,9,2023,5
894,895,895,2,55,3,4,30,120,0.0481012658227848,3,5,2023,22
895,896,896,2,30,2,2,25,50,0.0126582278481012,1,10,2023,29
896,897,897,2,64,2,2,50,100,0.0379746835443038,1,9,2023,26
897,898,898,2,42,3,3,30,90,0.0329113924050632,1,11,2023,2
898,899,899,1,26,3,2,300,600,0.2911392405063291,3,5,2023,25
899,900,900,1,21,3,2,30,60,0.0177215189873417,1,2,2023,21
900,901,901,1,31,2,1,30,30,0.0025316455696202,1,4,2023,10
901,902,902,2,54,1,1,50,50,0.0126582278481012,1,6,2023,1
902,903,903,2,51,1,4,50,200,0.0886075949367088,3,4,2023,27
903,904,904,1,28,3,1,500,500,0.240506329113924,3,7,2023,4
904,905,905,1,58,1,1,300,300,0.1392405063291139,3,4,2023,2
905,906,906,2,20,3,1,50,50,0.0126582278481012,1,6,2023,4
906,907,907,2,45,2,1,25,25,0.0,1,1,2023,8
907,908,908,1,46,1,4,300,1200,0.5949367088607594,3,12,2023,29
908,909,909,1,26,2,1,300,300,0.1392405063291139,3,10,2023,1
909,910,910,2,20,1,3,50,150,0.0632911392405063,3,3,2023,6
910,911,911,1,42,2,3,300,900,0.4430379746835443,3,5,2023,21
911,912,912,1,51,1,3,50,150,0.0632911392405063,3,1,2023,24
912,913,913,1,29,2,3,30,90,0.0329113924050632,1,1,2023,28
913,914,914,2,59,2,1,500,500,0.240506329113924,3,10,2023,11
914,915,915,2,26,1,3,30,90,0.0329113924050632,1,5,2023,30
915,916,916,2,32,2,1,50,50,0.0126582278481012,1,12,2023,24
916,917,917,2,57,2,4,50,200,0.0886075949367088,3,3,2023,6
917,918,918,2,42,2,3,30,90,0.0329113924050632,1,11,2023,23
918,919,919,2,22,1,2,25,50,0.0126582278481012,1,9,2023,9
919,920,920,2,28,1,3,25,75,0.0253164556962025,1,2,2023,22
920,921,921,1,51,2,3,25,75,0.0253164556962025,1,1,2023,7
921,922,922,1,41,2,1,50,50,0.0126582278481012,1,10,2023,21
922,923,923,1,32,1,3,300,900,0.4430379746835443,3,5,2023,26
923,924,924,1,55,1,2,50,100,0.0379746835443038,1,8,2023,29
924,925,925,1,25,2,1,300,300,0.1392405063291139,3,9,2023,3
925,926,926,1,22,2,1,30,30,0.0025316455696202,1,8,2023,14
926,927,927,1,43,2,4,500,2000,1.0,3,6,2023,24
927,928,928,2,35,3,4,300,1200,0.5949367088607594,3,4,2023,5
928,929,929,2,23,1,3,25,75,0.0253164556962025,1,1,2023,27
929,930,930,1,54,3,4,50,200,0.0886075949367088,3,5,2023,10
930,931,931,1,30,1,4,30,120,0.0481012658227848,3,9,2023,2
931,932,932,2,45,1,4,25,100,0.0379746835443038,1,2,2023,28
932,933,933,1,22,1,1,30,30,0.0025316455696202,1,2,2023,3
933,934,934,1,30,1,1,500,500,0.240506329113924,3,7,2023,25
934,935,935,2,34,1,1,50,50,0.0126582278481012,1,9,2023,9
935,936,936,1,57,1,4,50,200,0.0886075949367088,3,2,2023,7
936,937,937,2,62,1,1,500,500,0.240506329113924,3,10,2023,23
937,938,938,1,49,3,4,50,200,0.0886075949367088,3,11,2023,19
938,939,939,2,46,2,1,300,300,0.1392405063291139,3,12,2023,18
939,940,940,2,20,2,1,30,30,0.0025316455696202,1,1,2023,28
940,941,941,2,57,3,2,25,50,0.0126582278481012,1,3,2023,19
941,942,942,1,51,3,3,500,1500,0.7468354430379747,3,3,2023,18
942,943,943,2,57,3,4,300,1200,0.5949367088607594,3,10,2023,16
943,944,944,1,44,3,2,25,50,0.0126582278481012,1,6,2023,5
944,945,945,1,30,1,1,25,25,0.0,1,2,2023,13
945,946,946,1,62,2,4,500,2000,1.0,3,5,2023,8
946,947,947,1,50,1,1,300,300,0.1392405063291139,3,3,2023,2
947,948,948,2,23,2,3,25,75,0.0253164556962025,1,10,2023,13
948,949,949,2,41,2,2,25,50,0.0126582278481012,1,8,2023,2
949,950,950,1,36,3,3,300,900,0.4430379746835443,3,11,2023,7
950,951,951,1,33,1,2,50,100,0.0379746835443038,1,11,2023,2
951,952,952,2,57,3,1,25,25,0.0,1,11,2023,13
952,953,953,1,45,1,3,30,90,0.0329113924050632,1,4,2023,26
953,954,954,2,50,2,3,300,900,0.4430379746835443,3,9,2023,25
954,955,955,1,58,3,1,25,25,0.0,1,7,2023,14
955,956,956,1,30,3,3,500,1500,0.7468354430379747,3,8,2023,19
956,957,957,2,60,2,4,30,120,0.0481012658227848,3,8,2023,15
957,958,958,1,62,2,2,25,50,0.0126582278481012,1,6,2023,2
958,959,959,2,42,2,2,30,60,0.0177215189873417,1,10,2023,29
959,960,960,1,59,3,2,30,60,0.0177215189873417,1,8,2023,8
960,961,961,1,53,1,4,50,200,0.0886075949367088,3,6,2023,6
961,962,962,1,44,3,2,30,60,0.0177215189873417,1,10,2023,19
962,963,963,2,55,1,1,50,50,0.0126582278481012,1,11,2023,14
963,964,964,1,24,3,3,300,900,0.4430379746835443,3,1,2023,31
964,965,965,1,22,3,4,50,200,0.0886075949367088,3,11,2023,9
965,966,966,1,60,2,2,500,1000,0.4936708860759494,3,2,2023,20
966,967,967,1,62,1,1,25,25,0.0,1,4,2023,17
967,968,968,2,48,3,3,300,900,0.4430379746835443,3,11,2023,17
968,969,969,2,40,3,3,300,900,0.4430379746835443,3,4,2023,19
969,970,970,1,59,2,4,500,2000,1.0,3,5,2023,16
970,971,971,2,27,2,4,50,200,0.0886075949367088,3,12,2023,5
971,972,972,1,49,1,4,25,100,0.0379746835443038,1,2,2023,11
972,973,973,1,60,3,1,50,50,0.0126582278481012,1,3,2023,22
973,974,974,1,47,1,1,30,30,0.0025316455696202,1,5,2023,3
974,975,975,2,56,3,4,50,200,0.0886075949367088,3,3,2023,30
975,976,976,2,48,1,2,300,600,0.2911392405063291,3,10,2023,10
976,977,977,2,35,2,3,25,75,0.0253164556962025,1,2,2023,8
977,978,978,2,53,3,3,50,150,0.0632911392405063,3,3,2023,22
978,979,979,2,19,1,1,25,25,0.0,1,1,2023,2
979,980,980,2,31,2,3,25,75,0.0253164556962025,1,7,2023,29
980,981,981,2,30,2,2,30,60,0.0177215189873417,1,8,2023,19
981,982,982,2,46,1,3,30,90,0.0329113924050632,1,12,2023,19
982,983,983,2,29,3,1,300,300,0.1392405063291139,3,11,2023,1
983,984,984,1,56,3,1,500,500,0.240506329113924,3,8,2023,29
984,985,985,2,19,2,2,25,50,0.0126582278481012,1,5,2023,30
985,986,986,2,49,3,2,500,1000,0.4936708860759494,3,1,2023,17
986,987,987,2,30,3,3,300,900,0.4430379746835443,3,4,2023,29
987,988,988,2,63,3,3,25,75,0.0253164556962025,1,5,2023,28
988,989,989,2,44,2,1,25,25,0.0,1,12,2023,28
989,990,990,2,58,1,2,500,1000,0.4936708860759494,3,5,2023,25
990,991,991,2,34,3,2,50,100,0.0379746835443038,1,12,2023,26
991,992,992,2,57,2,2,30,60,0.0177215189873417,1,8,2023,21
992,993,993,2,48,2,3,50,150,0.0632911392405063,3,2,2023,6
993,994,994,2,51,1,2,500,1000,0.4936708860759494,3,12,2023,18
994,995,995,2,41,3,1,30,30,0.0025316455696202,1,4,2023,30
995,996,996,1,62,3,1,50,50,0.0126582278481012,1,5,2023,16
996,997,997,1,52,1,3,30,90,0.0329113924050632,1,11,2023,17
997,998,998,2,23,1,4,25,100,0.0379746835443038,1,10,2023,29
998,999,999,2,36,2,3,50,150,0.0632911392405063,3,12,2023,5
999,1000,1000,1,47,2,4,30,120,0.0481012658227848,3,4,2023,12
