,Unnamed: 0,Transaction ID,Date,Customer ID,Gender,Age,Product Category,Quantity,Price per Unit,Total Amount,Normalized Sales,Category,Month,Year
0,0,1,2023-11-24,CUST001,Male,34,Beauty,3,50,150,0.0632911392405063,Madium,11,2023
1,1,2,2023-02-27,CUST002,Female,26,Clothing,2,500,1000,0.4936708860759494,High,2,2023
2,2,3,2023-01-13,CUST003,Male,50,Electronics,1,30,30,0.0025316455696202,Low,1,2023
3,3,4,2023-05-21,CUST004,Male,37,Clothing,1,500,500,0.240506329113924,Madium,5,2023
4,4,5,2023-05-06,CUST005,Male,30,Beauty,2,50,100,0.0379746835443038,Low,5,2023
5,5,6,2023-04-25,CUST006,Female,45,Beauty,1,30,30,0.0025316455696202,Low,4,2023
6,6,7,2023-03-13,CUST007,Male,46,Clothing,2,25,50,0.0126582278481012,Low,3,2023
7,7,8,2023-02-22,CUST008,Male,30,Electronics,4,25,100,0.0379746835443038,Low,2,2023
8,8,9,2023-12-13,CUST009,Male,63,Electronics,2,300,600,0.2911392405063291,,12,2023
9,9,10,2023-10-07,CUST010,Female,52,Clothing,4,50,200,0.0886075949367088,Madium,10,2023
10,10,11,2023-02-14,CUST011,Male,23,Clothing,2,50,100,0.0379746835443038,Low,2,2023
11,11,12,2023-10-30,CUST012,Male,35,Beauty,3,25,75,0.0253164556962025,Low,10,2023
12,12,13,2023-08-05,CUST013,Male,22,Electronics,3,500,1500,0.7468354430379747,High,8,2023
13,13,14,2023-01-17,CUST014,Male,64,Clothing,4,30,120,0.0481012658227848,Madium,1,2023
14,14,15,2023-01-16,CUST015,Female,42,Electronics,4,500,2000,1.0,High,1,2023
15,15,16,2023-02-17,CUST016,Male,19,Clothing,3,500,1500,0.7468354430379747,High,2,2023
16,16,17,2023-04-22,CUST017,Female,27,Clothing,4,25,100,0.0379746835443038,Low,4,2023
17,17,18,2023-04-30,CUST018,Female,47,Electronics,2,25,50,0.0126582278481012,Low,4,2023
18,18,19,2023-09-16,CUST019,Female,62,Clothing,2,25,50,0.0126582278481012,Low,9,2023
19,19,20,2023-11-05,CUST020,Male,22,Clothing,3,300,900,0.4430379746835443,,11,2023
20,20,21,2023-01-14,CUST021,Female,50,Beauty,1,500,500,0.240506329113924,Madium,1,2023
21,21,22,2023-10-15,CUST022,Male,18,Clothing,2,50,100,0.0379746835443038,Low,10,2023
22,22,23,2023-04-12,CUST023,Female,35,Clothing,4,30,120,0.0481012658227848,Madium,4,2023
23,23,24,2023-11-29,CUST024,Female,49,Clothing,1,300,300,0.1392405063291139,Madium,11,2023
24,24,25,2023-12-26,CUST025,Female,64,Beauty,1,50,50,0.0126582278481012,Low,12,2023
25,25,26,2023-10-07,CUST026,Female,28,Electronics,2,500,1000,0.4936708860759494,High,10,2023
26,26,27,2023-08-03,CUST027,Female,38,Beauty,2,25,50,0.0126582278481012,Low,8,2023
27,27,28,2023-04-23,CUST028,Female,43,Beauty,1,500,500,0.240506329113924,Madium,4,2023
28,28,29,2023-08-18,CUST029,Female,42,Electronics,1,30,30,0.0025316455696202,Low,8,2023
29,29,30,2023-10-29,CUST030,Female,39,Beauty,3,300,900,0.4430379746835443,,10,2023
30,30,31,2023-05-23,CUST031,Male,44,Electronics,4,300,1200,0.5949367088607594,High,5,2023
31,31,32,2023-01-04,CUST032,Male,30,Beauty,3,30,90,0.0329113924050632,Low,1,2023
32,32,33,2023-03-23,CUST033,Female,50,Electronics,2,50,100,0.0379746835443038,Low,3,2023
33,33,34,2023-12-24,CUST034,Female,51,Clothing,3,50,150,0.0632911392405063,Madium,12,2023
34,34,35,2023-08-05,CUST035,Female,58,Beauty,3,300,900,0.4430379746835443,,8,2023
35,35,36,2023-06-24,CUST036,Male,52,Beauty,3,300,900,0.4430379746835443,,6,2023
36,36,37,2023-05-23,CUST037,Female,18,Beauty,3,25,75,0.0253164556962025,Low,5,2023
37,37,38,2023-03-21,CUST038,Male,38,Beauty,4,50,200,0.0886075949367088,Madium,3,2023
38,38,39,2023-04-21,CUST039,Male,23,Clothing,4,30,120,0.0481012658227848,Madium,4,2023
39,39,40,2023-06-22,CUST040,Male,45,Beauty,1,50,50,0.0126582278481012,Low,6,2023
40,40,41,2023-02-22,CUST041,Male,34,Clothing,2,25,50,0.0126582278481012,Low,2,2023
41,41,42,2023-02-17,CUST042,Male,22,Clothing,3,300,900,0.4430379746835443,,2,2023
42,42,43,2023-07-14,CUST043,Female,48,Clothing,1,300,300,0.1392405063291139,Madium,7,2023
43,43,44,2023-02-19,CUST044,Female,22,Clothing,1,25,25,0.0,Low,2,2023
44,44,45,2023-07-03,CUST045,Female,55,Electronics,1,30,30,0.0025316455696202,Low,7,2023
45,45,46,2023-06-26,CUST046,Female,20,Electronics,4,300,1200,0.5949367088607594,High,6,2023
46,46,47,2023-11-06,CUST047,Female,40,Beauty,3,500,1500,0.7468354430379747,High,11,2023
47,47,48,2023-05-16,CUST048,Male,54,Electronics,3,300,900,0.4430379746835443,,5,2023
48,48,49,2023-01-23,CUST049,Female,54,Electronics,2,500,1000,0.4936708860759494,High,1,2023
49,49,50,2023-08-24,CUST050,Female,27,Beauty,3,25,75,0.0253164556962025,Low,8,2023
50,50,51,2023-10-02,CUST051,Male,27,Beauty,3,25,75,0.0253164556962025,Low,10,2023
51,51,52,2023-03-05,CUST052,Female,36,Beauty,1,300,300,0.1392405063291139,Madium,3,2023
52,52,53,2023-07-13,CUST053,Male,34,Electronics,2,50,100,0.0379746835443038,Low,7,2023
53,53,54,2023-02-10,CUST054,Female,38,Electronics,3,500,1500,0.7468354430379747,High,2,2023
54,54,55,2023-10-10,CUST055,Male,31,Beauty,4,30,120,0.0481012658227848,Madium,10,2023
55,55,56,2023-05-31,CUST056,Female,26,Clothing,3,300,900,0.4430379746835443,,5,2023
56,56,57,2023-11-18,CUST057,Female,63,Beauty,1,30,30,0.0025316455696202,Low,11,2023
57,57,58,2023-11-13,CUST058,Male,18,Clothing,4,300,1200,0.5949367088607594,High,11,2023
58,58,59,2023-07-05,CUST059,Male,62,Clothing,1,50,50,0.0126582278481012,Low,7,2023
59,59,60,2023-10-23,CUST060,Male,30,Beauty,3,50,150,0.0632911392405063,Madium,10,2023
60,60,61,2023-04-09,CUST061,Male,21,Beauty,4,50,200,0.0886075949367088,Madium,4,2023
61,61,62,2023-12-27,CUST062,Male,18,Beauty,2,50,100,0.0379746835443038,Low,12,2023
62,62,63,2023-02-05,CUST063,Male,57,Electronics,2,25,50,0.0126582278481012,Low,2,2023
63,63,64,2023-01-24,CUST064,Male,49,Clothing,4,25,100,0.0379746835443038,Low,1,2023
64,64,65,2023-12-05,CUST065,Male,51,Electronics,4,500,2000,1.0,High,12,2023
65,65,66,2023-04-27,CUST066,Female,45,Electronics,1,30,30,0.0025316455696202,Low,4,2023
66,66,67,2023-05-29,CUST067,Female,48,Beauty,4,300,1200,0.5949367088607594,High,5,2023
67,67,68,2023-02-10,CUST068,Male,25,Electronics,1,300,300,0.1392405063291139,Madium,2,2023
68,68,69,2023-04-30,CUST069,Female,56,Beauty,3,25,75,0.0253164556962025,Low,4,2023
69,69,70,2023-02-21,CUST070,Female,43,Clothing,1,300,300,0.1392405063291139,Madium,2,2023
70,70,71,2023-07-14,CUST071,Female,51,Beauty,4,25,100,0.0379746835443038,Low,7,2023
71,71,72,2023-05-23,CUST072,Female,20,Electronics,4,500,2000,1.0,High,5,2023
72,72,73,2023-08-21,CUST073,Male,29,Electronics,3,30,90,0.0329113924050632,Low,8,2023
73,73,74,2023-11-22,CUST074,Female,18,Beauty,4,500,2000,1.0,High,11,2023
74,74,75,2023-07-06,CUST075,Male,61,Beauty,4,50,200,0.0886075949367088,Madium,7,2023
75,75,76,2023-03-25,CUST076,Female,22,Electronics,2,50,100,0.0379746835443038,Low,3,2023
76,76,77,2023-07-09,CUST077,Female,47,Clothing,2,50,100,0.0379746835443038,Low,7,2023
77,77,78,2023-07-01,CUST078,Female,47,Clothing,3,500,1500,0.7468354430379747,High,7,2023
78,78,79,2023-04-18,CUST079,Male,34,Beauty,1,300,300,0.1392405063291139,Madium,4,2023
79,79,80,2023-12-10,CUST080,Female,64,Clothing,2,30,60,0.0177215189873417,Low,12,2023
80,80,81,2023-05-17,CUST081,Male,40,Electronics,1,50,50,0.0126582278481012,Low,5,2023
81,81,82,2023-12-26,CUST082,Female,32,Beauty,4,50,200,0.0886075949367088,Madium,12,2023
82,82,83,2023-12-16,CUST083,Male,54,Electronics,2,50,100,0.0379746835443038,Low,12,2023
83,83,84,2023-11-28,CUST084,Female,38,Electronics,3,30,90,0.0329113924050632,Low,11,2023
84,84,85,2023-02-06,CUST085,Male,31,Clothing,3,50,150,0.0632911392405063,Madium,2,2023
85,85,86,2023-11-08,CUST086,Male,19,Beauty,3,30,90,0.0329113924050632,Low,11,2023
86,86,87,2023-11-22,CUST087,Female,28,Beauty,2,50,100,0.0379746835443038,Low,11,2023
87,87,88,2023-03-29,CUST088,Male,56,Clothing,1,500,500,0.240506329113924,Madium,3,2023
88,88,89,2023-10-01,CUST089,Female,55,Electronics,4,500,2000,1.0,High,10,2023
89,89,90,2023-05-06,CUST090,Female,51,Electronics,1,30,30,0.0025316455696202,Low,5,2023
90,90,91,2023-03-25,CUST091,Female,55,Electronics,1,500,500,0.240506329113924,Madium,3,2023
91,91,92,2023-08-25,CUST092,Female,51,Electronics,4,30,120,0.0481012658227848,Madium,8,2023
92,92,93,2023-07-14,CUST093,Female,35,Beauty,4,500,2000,1.0,High,7,2023
93,93,94,2023-05-19,CUST094,Female,47,Beauty,2,500,1000,0.4936708860759494,High,5,2023
94,94,95,2023-11-24,CUST095,Female,32,Clothing,2,30,60,0.0177215189873417,Low,11,2023
95,95,96,2023-12-19,CUST096,Female,44,Clothing,2,300,600,0.2911392405063291,,12,2023
96,96,97,2023-10-13,CUST097,Female,51,Beauty,2,500,1000,0.4936708860759494,High,10,2023
97,97,98,2023-04-23,CUST098,Female,55,Beauty,2,50,100,0.0379746835443038,Low,4,2023
98,98,99,2023-12-17,CUST099,Female,50,Electronics,4,300,1200,0.5949367088607594,High,12,2023
99,99,100,2023-06-16,CUST100,Male,41,Electronics,1,30,30,0.0025316455696202,Low,6,2023
100,100,101,2023-01-29,CUST101,Male,32,Clothing,2,300,600,0.2911392405063291,,1,2023
101,101,102,2023-04-28,CUST102,Female,47,Beauty,2,25,50,0.0126582278481012,Low,4,2023
102,102,103,2023-01-17,CUST103,Female,59,Clothing,1,25,25,0.0,Low,1,2023
103,103,104,2023-06-11,CUST104,Female,34,Beauty,2,500,1000,0.4936708860759494,High,6,2023
104,104,105,2023-07-25,CUST105,Female,22,Electronics,1,500,500,0.240506329113924,Madium,7,2023
105,105,106,2023-05-18,CUST106,Female,46,Clothing,1,50,50,0.0126582278481012,Low,5,2023
106,106,107,2023-02-03,CUST107,Female,21,Clothing,4,300,1200,0.5949367088607594,High,2,2023
107,107,108,2023-04-19,CUST108,Female,27,Beauty,3,25,75,0.0253164556962025,Low,4,2023
108,108,109,2023-10-18,CUST109,Female,34,Electronics,4,500,2000,1.0,High,10,2023
109,109,110,2023-06-11,CUST110,Male,27,Clothing,3,300,900,0.4430379746835443,,6,2023
110,110,111,2023-04-19,CUST111,Female,34,Electronics,3,500,1500,0.7468354430379747,High,4,2023
111,111,112,2023-12-02,CUST112,Male,37,Clothing,3,500,1500,0.7468354430379747,High,12,2023
112,112,113,2023-09-13,CUST113,Female,41,Electronics,2,25,50,0.0126582278481012,Low,9,2023
113,113,114,2023-07-22,CUST114,Female,22,Beauty,4,25,100,0.0379746835443038,Low,7,2023
114,114,115,2023-11-26,CUST115,Male,51,Clothing,3,500,1500,0.7468354430379747,High,11,2023
115,115,116,2023-08-23,CUST116,Female,23,Clothing,1,30,30,0.0025316455696202,Low,8,2023
116,116,117,2023-03-15,CUST117,Male,19,Electronics,2,500,1000,0.4936708860759494,High,3,2023
117,117,118,2023-05-16,CUST118,Female,30,Electronics,4,500,2000,1.0,High,5,2023
118,118,119,2023-03-13,CUST119,Female,60,Clothing,3,50,150,0.0632911392405063,Madium,3,2023
119,119,120,2023-05-07,CUST120,Male,60,Beauty,1,50,50,0.0126582278481012,Low,5,2023
120,120,121,2023-10-15,CUST121,Female,28,Electronics,4,50,200,0.0886075949367088,Madium,10,2023
121,121,122,2023-10-03,CUST122,Male,64,Electronics,4,30,120,0.0481012658227848,Madium,10,2023
122,122,123,2023-05-15,CUST123,Female,40,Electronics,2,30,60,0.0177215189873417,Low,5,2023
123,123,124,2023-10-27,CUST124,Male,33,Clothing,4,500,2000,1.0,High,10,2023
124,124,125,2023-08-08,CUST125,Male,48,Clothing,2,50,100,0.0379746835443038,Low,8,2023
125,125,126,2023-10-26,CUST126,Female,28,Clothing,3,30,90,0.0329113924050632,Low,10,2023
126,126,127,2023-07-24,CUST127,Female,33,Clothing,2,25,50,0.0126582278481012,Low,7,2023
127,127,128,2023-07-05,CUST128,Male,25,Beauty,1,500,500,0.240506329113924,Madium,7,2023
128,128,129,2023-04-23,CUST129,Female,21,Beauty,2,300,600,0.2911392405063291,,4,2023
129,129,130,2023-03-12,CUST130,Female,57,Clothing,1,500,500,0.240506329113924,Madium,3,2023
130,130,131,2023-09-18,CUST131,Female,21,Beauty,2,300,600,0.2911392405063291,,9,2023
131,131,132,2023-09-10,CUST132,Male,42,Electronics,4,50,200,0.0886075949367088,Madium,9,2023
132,132,133,2023-02-16,CUST133,Male,20,Electronics,3,300,900,0.4430379746835443,,2,2023
133,133,134,2023-01-25,CUST134,Male,49,Electronics,1,50,50,0.0126582278481012,Low,1,2023
134,134,135,2023-02-26,CUST135,Male,20,Clothing,2,25,50,0.0126582278481012,Low,2,2023
135,135,136,2023-03-20,CUST136,Male,44,Electronics,2,300,600,0.2911392405063291,,3,2023
136,136,137,2023-11-18,CUST137,Male,46,Beauty,2,500,1000,0.4936708860759494,High,11,2023
137,137,138,2023-03-23,CUST138,Male,49,Clothing,4,50,200,0.0886075949367088,Madium,3,2023
138,138,139,2023-12-15,CUST139,Male,36,Beauty,4,500,2000,1.0,High,12,2023
139,139,140,2023-08-05,CUST140,Male,38,Electronics,1,30,30,0.0025316455696202,Low,8,2023
140,140,141,2023-11-02,CUST141,Female,22,Electronics,1,50,50,0.0126582278481012,Low,11,2023
141,141,142,2023-02-02,CUST142,Male,35,Electronics,4,300,1200,0.5949367088607594,High,2,2023
142,142,143,2023-07-17,CUST143,Female,45,Clothing,1,50,50,0.0126582278481012,Low,7,2023
143,143,144,2023-07-15,CUST144,Female,59,Beauty,3,500,1500,0.7468354430379747,High,7,2023
144,144,145,2023-11-02,CUST145,Female,39,Clothing,3,25,75,0.0253164556962025,Low,11,2023
145,145,146,2023-08-28,CUST146,Male,38,Clothing,4,50,200,0.0886075949367088,Madium,8,2023
146,146,147,2023-09-28,CUST147,Male,23,Electronics,1,300,300,0.1392405063291139,Madium,9,2023
147,147,148,2023-05-09,CUST148,Male,18,Clothing,2,30,60,0.0177215189873417,Low,5,2023
148,148,149,2023-10-11,CUST149,Male,22,Clothing,3,25,75,0.0253164556962025,Low,10,2023
149,149,150,2023-01-06,CUST150,Female,58,Electronics,4,30,120,0.0481012658227848,Madium,1,2023
150,150,151,2023-12-15,CUST151,Male,29,Clothing,1,50,50,0.0126582278481012,Low,12,2023
151,151,152,2023-02-28,CUST152,Male,43,Electronics,4,500,2000,1.0,High,2,2023
152,152,153,2023-12-16,CUST153,Male,63,Electronics,2,500,1000,0.4936708860759494,High,12,2023
153,153,154,2023-10-02,CUST154,Male,51,Electronics,3,300,900,0.4430379746835443,,10,2023
154,154,155,2023-05-17,CUST155,Male,31,Electronics,4,500,2000,1.0,High,5,2023
155,155,156,2023-11-25,CUST156,Female,43,Clothing,4,25,100,0.0379746835443038,Low,11,2023
156,156,157,2023-06-24,CUST157,Male,62,Electronics,4,500,2000,1.0,High,6,2023
157,157,158,2023-02-27,CUST158,Female,44,Electronics,2,300,600,0.2911392405063291,,2,2023
158,158,159,2023-05-31,CUST159,Male,26,Clothing,4,50,200,0.0886075949367088,Madium,5,2023
159,159,160,2023-08-11,CUST160,Female,43,Clothing,2,50,100,0.0379746835443038,Low,8,2023
160,160,161,2023-03-22,CUST161,Male,64,Beauty,2,500,1000,0.4936708860759494,High,3,2023
161,161,162,2023-08-21,CUST162,Male,39,Clothing,2,30,60,0.0177215189873417,Low,8,2023
162,162,163,2023-01-02,CUST163,Female,64,Clothing,3,50,150,0.0632911392405063,Madium,1,2023
163,163,164,2023-05-15,CUST164,Female,47,Beauty,3,500,1500,0.7468354430379747,High,5,2023
164,164,165,2023-09-14,CUST165,Female,60,Clothing,4,300,1200,0.5949367088607594,High,9,2023
165,165,166,2023-04-02,CUST166,Male,34,Clothing,4,500,2000,1.0,High,4,2023
166,166,167,2023-09-17,CUST167,Female,43,Clothing,3,50,150,0.0632911392405063,Madium,9,2023
167,167,168,2023-02-24,CUST168,Male,53,Clothing,1,300,300,0.1392405063291139,Madium,2,2023
168,168,169,2023-11-17,CUST169,Male,18,Beauty,3,500,1500,0.7468354430379747,High,11,2023
169,169,170,2023-06-02,CUST170,Female,25,Clothing,2,25,50,0.0126582278481012,Low,6,2023
170,170,171,2023-11-24,CUST171,Female,52,Clothing,3,300,900,0.4430379746835443,,11,2023
171,171,172,2023-09-17,CUST172,Male,32,Beauty,2,25,50,0.0126582278481012,Low,9,2023
172,172,173,2023-11-08,CUST173,Male,64,Electronics,4,30,120,0.0481012658227848,Madium,11,2023
173,173,174,2023-04-12,CUST174,Female,39,Beauty,1,300,300,0.1392405063291139,Madium,4,2023
174,174,175,2023-03-20,CUST175,Female,31,Electronics,4,25,100,0.0379746835443038,Low,3,2023
175,175,176,2023-07-11,CUST176,Female,43,Beauty,2,50,100,0.0379746835443038,Low,7,2023
176,176,177,2023-03-24,CUST177,Male,45,Beauty,2,50,100,0.0379746835443038,Low,3,2023
177,177,178,2023-10-04,CUST178,Male,40,Clothing,2,30,60,0.0177215189873417,Low,10,2023
178,178,179,2023-09-29,CUST179,Male,31,Electronics,1,300,300,0.1392405063291139,Madium,9,2023
179,179,180,2023-01-01,CUST180,Male,41,Clothing,3,300,900,0.4430379746835443,,1,2023
180,180,181,2023-11-03,CUST181,Male,19,Electronics,4,300,1200,0.5949367088607594,High,11,2023
181,181,182,2023-06-15,CUST182,Male,62,Beauty,4,30,120,0.0481012658227848,Madium,6,2023
182,182,183,2023-09-08,CUST183,Female,43,Beauty,3,300,900,0.4430379746835443,,9,2023
183,183,184,2023-01-10,CUST184,Male,31,Electronics,4,50,200,0.0886075949367088,Madium,1,2023
184,184,185,2023-02-27,CUST185,Male,24,Clothing,1,25,25,0.0,Low,2,2023
185,185,186,2023-07-05,CUST186,Male,20,Clothing,4,50,200,0.0886075949367088,Madium,7,2023
186,186,187,2023-06-07,CUST187,Female,64,Clothing,2,50,100,0.0379746835443038,Low,6,2023
187,187,188,2023-05-03,CUST188,Male,40,Clothing,3,25,75,0.0253164556962025,Low,5,2023
188,188,189,2023-01-30,CUST189,Male,63,Beauty,1,50,50,0.0126582278481012,Low,1,2023
189,189,190,2023-05-04,CUST190,Female,60,Beauty,3,30,90,0.0329113924050632,Low,5,2023
190,190,191,2023-10-18,CUST191,Male,64,Beauty,1,25,25,0.0,Low,10,2023
191,191,192,2023-02-10,CUST192,Male,62,Beauty,2,50,100,0.0379746835443038,Low,2,2023
192,192,193,2023-02-13,CUST193,Male,35,Beauty,3,500,1500,0.7468354430379747,High,2,2023
193,193,194,2023-09-06,CUST194,Male,55,Clothing,4,50,200,0.0886075949367088,Madium,9,2023
194,194,195,2023-02-05,CUST195,Male,52,Clothing,1,30,30,0.0025316455696202,Low,2,2023
195,195,196,2023-09-30,CUST196,Female,32,Clothing,3,300,900,0.4430379746835443,,9,2023
196,196,197,2023-03-06,CUST197,Female,42,Clothing,4,50,200,0.0886075949367088,Madium,3,2023
197,197,198,2023-03-07,CUST198,Female,54,Beauty,3,300,900,0.4430379746835443,,3,2023
198,198,199,2023-12-04,CUST199,Male,45,Beauty,3,500,1500,0.7468354430379747,High,12,2023
199,199,200,2023-09-01,CUST200,Male,27,Beauty,3,50,150,0.0632911392405063,Madium,9,2023
200,200,201,2023-10-09,CUST201,Male,56,Electronics,1,25,25,0.0,Low,10,2023
201,201,202,2023-03-26,CUST202,Female,34,Clothing,4,300,1200,0.5949367088607594,High,3,2023
202,202,203,2023-05-16,CUST203,Male,56,Clothing,2,500,1000,0.4936708860759494,High,5,2023
203,203,204,2023-09-28,CUST204,Male,39,Beauty,1,25,25,0.0,Low,9,2023
204,204,205,2023-11-07,CUST205,Female,43,Clothing,1,25,25,0.0,Low,11,2023
205,205,206,2023-08-05,CUST206,Male,61,Clothing,1,25,25,0.0,Low,8,2023
206,206,207,2023-04-19,CUST207,Female,42,Beauty,2,25,50,0.0126582278481012,Low,4,2023
207,207,208,2023-10-04,CUST208,Female,34,Electronics,4,50,200,0.0886075949367088,Madium,10,2023
208,208,209,2023-12-20,CUST209,Female,30,Electronics,4,50,200,0.0886075949367088,Madium,12,2023
209,209,210,2023-04-13,CUST210,Male,37,Electronics,4,50,200,0.0886075949367088,Madium,4,2023
210,210,211,2024-01-01,CUST211,Male,42,Beauty,3,500,1500,0.7468354430379747,High,1,2024
211,211,212,2023-06-09,CUST212,Male,21,Clothing,3,500,1500,0.7468354430379747,High,6,2023
212,212,213,2023-07-24,CUST213,Male,27,Beauty,3,500,1500,0.7468354430379747,High,7,2023
213,213,214,2023-12-10,CUST214,Male,20,Beauty,2,30,60,0.0177215189873417,Low,12,2023
214,214,215,2023-11-29,CUST215,Male,58,Clothing,3,500,1500,0.7468354430379747,High,11,2023
215,215,216,2023-07-11,CUST216,Male,62,Electronics,2,50,100,0.0379746835443038,Low,7,2023
216,216,217,2023-08-13,CUST217,Female,35,Electronics,4,50,200,0.0886075949367088,Madium,8,2023
217,217,218,2023-09-22,CUST218,Male,64,Beauty,3,30,90,0.0329113924050632,Low,9,2023
218,218,219,2023-08-20,CUST219,Female,53,Electronics,3,30,90,0.0329113924050632,Low,8,2023
219,219,220,2023-03-03,CUST220,Male,64,Beauty,1,500,500,0.240506329113924,Madium,3,2023
220,220,221,2023-05-07,CUST221,Male,39,Beauty,2,300,600,0.2911392405063291,,5,2023
221,221,222,2023-04-26,CUST222,Male,51,Clothing,4,30,120,0.0481012658227848,Madium,4,2023
222,222,223,2023-02-02,CUST223,Female,64,Clothing,1,25,25,0.0,Low,2,2023
223,223,224,2023-06-23,CUST224,Female,25,Clothing,1,50,50,0.0126582278481012,Low,6,2023
224,224,225,2023-01-11,CUST225,Female,57,Beauty,4,25,100,0.0379746835443038,Low,1,2023
225,225,226,2023-10-29,CUST226,Female,61,Clothing,1,50,50,0.0126582278481012,Low,10,2023
226,226,227,2023-10-11,CUST227,Male,36,Electronics,2,50,100,0.0379746835443038,Low,10,2023
227,227,228,2023-04-28,CUST228,Female,59,Electronics,2,30,60,0.0177215189873417,Low,4,2023
228,228,229,2023-10-29,CUST229,Male,58,Beauty,3,30,90,0.0329113924050632,Low,10,2023
229,229,230,2023-04-23,CUST230,Male,54,Beauty,1,25,25,0.0,Low,4,2023
230,230,231,2023-01-04,CUST231,Female,23,Clothing,3,50,150,0.0632911392405063,Madium,1,2023
231,231,232,2023-02-06,CUST232,Female,43,Beauty,1,25,25,0.0,Low,2,2023
232,232,233,2023-12-29,CUST233,Female,51,Beauty,2,300,600,0.2911392405063291,,12,2023
233,233,234,2023-11-20,CUST234,Female,62,Electronics,2,25,50,0.0126582278481012,Low,11,2023
234,234,235,2023-01-31,CUST235,Female,23,Electronics,2,500,1000,0.4936708860759494,High,1,2023
235,235,236,2023-04-28,CUST236,Female,54,Clothing,1,25,25,0.0,Low,4,2023
236,236,237,2023-02-04,CUST237,Female,50,Beauty,2,500,1000,0.4936708860759494,High,2,2023
237,237,238,2023-01-17,CUST238,Female,39,Beauty,1,500,500,0.240506329113924,Madium,1,2023
238,238,239,2023-06-19,CUST239,Male,38,Electronics,3,500,1500,0.7468354430379747,High,6,2023
239,239,240,2023-02-06,CUST240,Female,23,Beauty,1,300,300,0.1392405063291139,Madium,2,2023
240,240,241,2023-09-21,CUST241,Female,23,Electronics,3,25,75,0.0253164556962025,Low,9,2023
241,241,242,2023-05-02,CUST242,Male,21,Clothing,1,25,25,0.0,Low,5,2023
242,242,243,2023-05-23,CUST243,Female,47,Electronics,3,300,900,0.4430379746835443,,5,2023
243,243,244,2023-12-09,CUST244,Male,28,Beauty,2,50,100,0.0379746835443038,Low,12,2023
244,244,245,2023-09-06,CUST245,Male,47,Clothing,3,30,90,0.0329113924050632,Low,9,2023
245,245,246,2023-04-20,CUST246,Female,48,Electronics,2,25,50,0.0126582278481012,Low,4,2023
246,246,247,2023-10-04,CUST247,Male,41,Electronics,2,30,60,0.0177215189873417,Low,10,2023
247,247,248,2023-03-09,CUST248,Male,26,Clothing,3,300,900,0.4430379746835443,,3,2023
248,248,249,2023-10-20,CUST249,Male,20,Clothing,1,50,50,0.0126582278481012,Low,10,2023
249,249,250,2023-10-23,CUST250,Male,48,Electronics,1,50,50,0.0126582278481012,Low,10,2023
250,250,251,2023-08-31,CUST251,Female,57,Beauty,4,50,200,0.0886075949367088,Madium,8,2023
251,251,252,2023-05-05,CUST252,Male,54,Electronics,1,300,300,0.1392405063291139,Madium,5,2023
252,252,253,2023-08-31,CUST253,Female,53,Clothing,4,500,2000,1.0,High,8,2023
253,253,254,2023-07-28,CUST254,Male,41,Electronics,1,500,500,0.240506329113924,Madium,7,2023
254,254,255,2023-04-08,CUST255,Male,48,Clothing,1,30,30,0.0025316455696202,Low,4,2023
255,255,256,2023-02-18,CUST256,Male,23,Clothing,2,500,1000,0.4936708860759494,High,2,2023
256,256,257,2023-02-19,CUST257,Male,19,Beauty,4,500,2000,1.0,High,2,2023
257,257,258,2023-12-04,CUST258,Female,37,Clothing,1,50,50,0.0126582278481012,Low,12,2023
258,258,259,2023-08-09,CUST259,Female,45,Clothing,4,50,200,0.0886075949367088,Madium,8,2023
259,259,260,2023-07-01,CUST260,Male,28,Beauty,2,30,60,0.0177215189873417,Low,7,2023
260,260,261,2023-08-05,CUST261,Male,21,Clothing,2,25,50,0.0126582278481012,Low,8,2023
261,261,262,2023-07-30,CUST262,Female,32,Beauty,4,30,120,0.0481012658227848,Madium,7,2023
262,262,263,2023-08-28,CUST263,Male,23,Beauty,2,30,60,0.0177215189873417,Low,8,2023
263,263,264,2023-01-28,CUST264,Male,47,Clothing,3,300,900,0.4430379746835443,,1,2023
264,264,265,2023-12-11,CUST265,Male,55,Clothing,3,300,900,0.4430379746835443,,12,2023
265,265,266,2023-12-01,CUST266,Female,19,Electronics,2,30,60,0.0177215189873417,Low,12,2023
266,266,267,2023-11-27,CUST267,Female,32,Beauty,3,30,90,0.0329113924050632,Low,11,2023
267,267,268,2023-02-20,CUST268,Female,28,Electronics,1,30,30,0.0025316455696202,Low,2,2023
268,268,269,2023-02-01,CUST269,Male,25,Clothing,4,500,2000,1.0,High,2,2023
269,269,270,2023-07-26,CUST270,Male,43,Electronics,1,300,300,0.1392405063291139,Madium,7,2023
270,270,271,2023-06-23,CUST271,Female,62,Beauty,4,30,120,0.0481012658227848,Madium,6,2023
271,271,272,2023-02-25,CUST272,Female,61,Electronics,2,50,100,0.0379746835443038,Low,2,2023
272,272,273,2023-05-08,CUST273,Female,22,Beauty,1,50,50,0.0126582278481012,Low,5,2023
273,273,274,2023-04-09,CUST274,Female,23,Clothing,2,500,1000,0.4936708860759494,High,4,2023
274,274,275,2023-04-08,CUST275,Male,43,Clothing,2,500,1000,0.4936708860759494,High,4,2023
275,275,276,2023-10-02,CUST276,Female,21,Beauty,4,25,100,0.0379746835443038,Low,10,2023
276,276,277,2023-08-18,CUST277,Male,36,Clothing,4,25,100,0.0379746835443038,Low,8,2023
277,277,278,2023-03-13,CUST278,Female,37,Clothing,4,25,100,0.0379746835443038,Low,3,2023
278,278,279,2023-08-05,CUST279,Male,50,Clothing,1,500,500,0.240506329113924,Madium,8,2023
279,279,280,2023-04-04,CUST280,Female,37,Clothing,3,500,1500,0.7468354430379747,High,4,2023
280,280,281,2023-05-23,CUST281,Female,29,Beauty,4,500,2000,1.0,High,5,2023
281,281,282,2023-08-25,CUST282,Female,64,Electronics,4,50,200,0.0886075949367088,Madium,8,2023
282,282,283,2023-05-08,CUST283,Female,18,Electronics,1,500,500,0.240506329113924,Madium,5,2023
283,283,284,2023-02-08,CUST284,Male,43,Clothing,4,50,200,0.0886075949367088,Madium,2,2023
284,284,285,2023-08-15,CUST285,Female,31,Electronics,1,25,25,0.0,Low,8,2023
285,285,286,2023-10-09,CUST286,Male,55,Electronics,2,25,50,0.0126582278481012,Low,10,2023
286,286,287,2023-02-20,CUST287,Male,54,Clothing,4,25,100,0.0379746835443038,Low,2,2023
287,287,288,2023-01-26,CUST288,Male,28,Clothing,4,30,120,0.0481012658227848,Madium,1,2023
288,288,289,2023-11-30,CUST289,Male,53,Electronics,2,30,60,0.0177215189873417,Low,11,2023
289,289,290,2023-10-04,CUST290,Female,30,Beauty,2,300,600,0.2911392405063291,,10,2023
290,290,291,2023-01-08,CUST291,Male,60,Clothing,2,300,600,0.2911392405063291,,1,2023
291,291,292,2023-02-17,CUST292,Male,20,Beauty,4,300,1200,0.5949367088607594,High,2,2023
292,292,293,2023-05-02,CUST293,Male,50,Electronics,3,30,90,0.0329113924050632,Low,5,2023
293,293,294,2023-03-27,CUST294,Female,23,Clothing,3,30,90,0.0329113924050632,Low,3,2023
294,294,295,2023-07-28,CUST295,Female,27,Beauty,3,300,900,0.4430379746835443,,7,2023
295,295,296,2023-09-06,CUST296,Female,22,Clothing,4,300,1200,0.5949367088607594,High,9,2023
296,296,297,2023-09-04,CUST297,Female,40,Electronics,2,500,1000,0.4936708860759494,High,9,2023
297,297,298,2023-04-20,CUST298,Male,27,Beauty,4,300,1200,0.5949367088607594,High,4,2023
298,298,299,2023-07-25,CUST299,Male,61,Electronics,2,500,1000,0.4936708860759494,High,7,2023
299,299,300,2023-01-31,CUST300,Female,19,Electronics,4,50,200,0.0886075949367088,Madium,1,2023
300,300,301,2023-03-26,CUST301,Male,30,Clothing,4,30,120,0.0481012658227848,Madium,3,2023
301,301,302,2023-07-14,CUST302,Male,57,Beauty,2,300,600,0.2911392405063291,,7,2023
302,302,303,2023-01-02,CUST303,Male,19,Electronics,3,30,90,0.0329113924050632,Low,1,2023
303,303,304,2023-07-19,CUST304,Female,37,Electronics,2,30,60,0.0177215189873417,Low,7,2023
304,304,305,2023-05-16,CUST305,Female,18,Beauty,1,30,30,0.0025316455696202,Low,5,2023
305,305,306,2023-08-21,CUST306,Male,54,Electronics,1,50,50,0.0126582278481012,Low,8,2023
306,306,307,2023-05-27,CUST307,Female,26,Electronics,2,25,50,0.0126582278481012,Low,5,2023
307,307,308,2023-08-05,CUST308,Female,34,Beauty,4,300,1200,0.5949367088607594,High,8,2023
308,308,309,2023-12-23,CUST309,Female,26,Beauty,1,25,25,0.0,Low,12,2023
309,309,310,2023-10-12,CUST310,Female,28,Beauty,1,25,25,0.0,Low,10,2023
310,310,311,2023-12-05,CUST311,Female,32,Beauty,4,25,100,0.0379746835443038,Low,12,2023
311,311,312,2023-09-07,CUST312,Male,41,Clothing,4,30,120,0.0481012658227848,Madium,9,2023
312,312,313,2023-03-21,CUST313,Female,55,Beauty,3,500,1500,0.7468354430379747,High,3,2023
313,313,314,2023-04-08,CUST314,Male,52,Clothing,4,30,120,0.0481012658227848,Madium,4,2023
314,314,315,2023-06-01,CUST315,Male,47,Clothing,2,30,60,0.0177215189873417,Low,6,2023
315,315,316,2023-04-22,CUST316,Female,48,Clothing,2,25,50,0.0126582278481012,Low,4,2023
316,316,317,2023-01-30,CUST317,Male,22,Electronics,3,30,90,0.0329113924050632,Low,1,2023
317,317,318,2023-10-24,CUST318,Male,61,Clothing,1,25,25,0.0,Low,10,2023
318,318,319,2023-10-05,CUST319,Male,31,Clothing,1,500,500,0.240506329113924,Madium,10,2023
319,319,320,2023-02-01,CUST320,Female,28,Electronics,4,300,1200,0.5949367088607594,High,2,2023
320,320,321,2023-06-10,CUST321,Female,26,Electronics,2,25,50,0.0126582278481012,Low,6,2023
321,321,322,2023-01-30,CUST322,Male,51,Electronics,1,500,500,0.240506329113924,Madium,1,2023
322,322,323,2023-01-26,CUST323,Female,29,Beauty,3,300,900,0.4430379746835443,,1,2023
323,323,324,2023-10-27,CUST324,Female,52,Electronics,3,50,150,0.0632911392405063,Madium,10,2023
324,324,325,2023-09-02,CUST325,Female,52,Electronics,2,25,50,0.0126582278481012,Low,9,2023
325,325,326,2023-09-15,CUST326,Female,18,Clothing,3,25,75,0.0253164556962025,Low,9,2023
326,326,327,2023-09-29,CUST327,Male,57,Electronics,3,50,150,0.0632911392405063,Madium,9,2023
327,327,328,2023-03-22,CUST328,Male,39,Beauty,2,50,100,0.0379746835443038,Low,3,2023
328,328,329,2023-01-30,CUST329,Female,46,Electronics,4,25,100,0.0379746835443038,Low,1,2023
329,329,330,2023-09-18,CUST330,Female,25,Beauty,4,50,200,0.0886075949367088,Madium,9,2023
330,330,331,2023-02-11,CUST331,Male,28,Electronics,3,30,90,0.0329113924050632,Low,2,2023
331,331,332,2023-04-06,CUST332,Male,58,Electronics,4,300,1200,0.5949367088607594,High,4,2023
332,332,333,2023-02-05,CUST333,Female,54,Electronics,4,300,1200,0.5949367088607594,High,2,2023
333,333,334,2023-11-01,CUST334,Male,31,Electronics,3,300,900,0.4430379746835443,,11,2023
334,334,335,2023-02-04,CUST335,Female,47,Beauty,4,30,120,0.0481012658227848,Madium,2,2023
335,335,336,2023-12-12,CUST336,Female,52,Beauty,3,50,150,0.0632911392405063,Madium,12,2023
336,336,337,2023-05-01,CUST337,Male,38,Clothing,1,500,500,0.240506329113924,Madium,5,2023
337,337,338,2023-07-26,CUST338,Male,54,Beauty,2,50,100,0.0379746835443038,Low,7,2023
338,338,339,2023-03-03,CUST339,Female,22,Electronics,2,25,50,0.0126582278481012,Low,3,2023
339,339,340,2023-10-19,CUST340,Female,36,Clothing,4,300,1200,0.5949367088607594,High,10,2023
340,340,341,2023-05-07,CUST341,Male,31,Clothing,4,50,200,0.0886075949367088,Madium,5,2023
341,341,342,2023-10-24,CUST342,Female,43,Clothing,4,500,2000,1.0,High,10,2023
342,342,343,2023-11-01,CUST343,Male,21,Electronics,2,25,50,0.0126582278481012,Low,11,2023
343,343,344,2023-01-21,CUST344,Female,42,Beauty,1,30,30,0.0025316455696202,Low,1,2023
344,344,345,2023-11-14,CUST345,Male,62,Electronics,1,30,30,0.0025316455696202,Low,11,2023
345,345,346,2023-02-11,CUST346,Male,59,Clothing,2,500,1000,0.4936708860759494,High,2,2023
346,346,347,2023-08-03,CUST347,Male,42,Electronics,1,25,25,0.0,Low,8,2023
347,347,348,2023-12-03,CUST348,Female,35,Electronics,2,300,600,0.2911392405063291,,12,2023
348,348,349,2023-10-26,CUST349,Female,57,Beauty,1,50,50,0.0126582278481012,Low,10,2023
349,349,350,2023-10-17,CUST350,Male,25,Beauty,3,25,75,0.0253164556962025,Low,10,2023
350,350,351,2023-09-25,CUST351,Female,56,Clothing,3,30,90,0.0329113924050632,Low,9,2023
351,351,352,2023-06-11,CUST352,Male,57,Electronics,2,500,1000,0.4936708860759494,High,6,2023
352,352,353,2023-05-14,CUST353,Male,31,Electronics,1,500,500,0.240506329113924,Madium,5,2023
353,353,354,2023-04-15,CUST354,Female,49,Beauty,4,50,200,0.0886075949367088,Madium,4,2023
354,354,355,2023-12-09,CUST355,Female,55,Electronics,1,500,500,0.240506329113924,Madium,12,2023
355,355,356,2023-06-10,CUST356,Male,50,Electronics,3,500,1500,0.7468354430379747,High,6,2023
356,356,357,2023-05-03,CUST357,Female,40,Electronics,3,25,75,0.0253164556962025,Low,5,2023
357,357,358,2023-05-16,CUST358,Female,32,Beauty,1,300,300,0.1392405063291139,Madium,5,2023
358,358,359,2023-07-22,CUST359,Male,50,Clothing,1,50,50,0.0126582278481012,Low,7,2023
359,359,360,2023-03-09,CUST360,Male,42,Clothing,4,25,100,0.0379746835443038,Low,3,2023
360,360,361,2023-12-10,CUST361,Female,34,Electronics,4,300,1200,0.5949367088607594,High,12,2023
361,361,362,2023-11-27,CUST362,Male,50,Clothing,1,25,25,0.0,Low,11,2023
362,362,363,2023-06-03,CUST363,Male,64,Beauty,1,25,25,0.0,Low,6,2023
363,363,364,2023-08-23,CUST364,Female,19,Beauty,1,500,500,0.240506329113924,Madium,8,2023
364,364,365,2023-06-11,CUST365,Male,31,Clothing,1,300,300,0.1392405063291139,Madium,6,2023
365,365,366,2023-02-07,CUST366,Male,57,Clothing,2,50,100,0.0379746835443038,Low,2,2023
366,366,367,2023-01-05,CUST367,Female,57,Electronics,1,50,50,0.0126582278481012,Low,1,2023
367,367,368,2023-08-23,CUST368,Female,56,Clothing,4,300,1200,0.5949367088607594,High,8,2023
368,368,369,2023-11-15,CUST369,Male,23,Electronics,3,500,1500,0.7468354430379747,High,11,2023
369,369,370,2023-10-16,CUST370,Male,23,Electronics,2,30,60,0.0177215189873417,Low,10,2023
370,370,371,2023-02-21,CUST371,Female,20,Beauty,1,25,25,0.0,Low,2,2023
371,371,372,2023-02-07,CUST372,Female,24,Beauty,3,500,1500,0.7468354430379747,High,2,2023
372,372,373,2023-10-03,CUST373,Female,25,Beauty,2,300,600,0.2911392405063291,,10,2023
373,373,374,2023-04-20,CUST374,Female,59,Beauty,3,25,75,0.0253164556962025,Low,4,2023
374,374,375,2023-09-17,CUST375,Male,32,Clothing,1,50,50,0.0126582278481012,Low,9,2023
375,375,376,2023-05-16,CUST376,Female,64,Beauty,1,30,30,0.0025316455696202,Low,5,2023
376,376,377,2023-03-09,CUST377,Female,46,Clothing,4,50,200,0.0886075949367088,Madium,3,2023
377,377,378,2023-06-28,CUST378,Male,50,Beauty,1,300,300,0.1392405063291139,Madium,6,2023
378,378,379,2023-02-05,CUST379,Female,47,Clothing,1,25,25,0.0,Low,2,2023
379,379,380,2023-05-06,CUST380,Male,56,Electronics,2,300,600,0.2911392405063291,,5,2023
380,380,381,2023-07-09,CUST381,Female,44,Clothing,4,25,100,0.0379746835443038,Low,7,2023
381,381,382,2023-05-26,CUST382,Female,53,Clothing,2,500,1000,0.4936708860759494,High,5,2023
382,382,383,2023-03-22,CUST383,Female,46,Beauty,3,30,90,0.0329113924050632,Low,3,2023
383,383,384,2023-08-13,CUST384,Male,55,Clothing,1,500,500,0.240506329113924,Madium,8,2023
384,384,385,2023-10-06,CUST385,Male,50,Electronics,3,500,1500,0.7468354430379747,High,10,2023
385,385,386,2023-12-27,CUST386,Female,54,Electronics,2,300,600,0.2911392405063291,,12,2023
386,386,387,2023-06-04,CUST387,Male,44,Beauty,1,30,30,0.0025316455696202,Low,6,2023
387,387,388,2023-11-10,CUST388,Male,50,Electronics,1,25,25,0.0,Low,11,2023
388,388,389,2023-12-01,CUST389,Male,21,Clothing,2,25,50,0.0126582278481012,Low,12,2023
389,389,390,2023-09-28,CUST390,Male,39,Electronics,2,50,100,0.0379746835443038,Low,9,2023
390,390,391,2023-01-05,CUST391,Male,19,Beauty,2,25,50,0.0126582278481012,Low,1,2023
391,391,392,2023-12-08,CUST392,Male,27,Clothing,2,300,600,0.2911392405063291,,12,2023
392,392,393,2023-10-11,CUST393,Female,22,Beauty,2,500,1000,0.4936708860759494,High,10,2023
393,393,394,2023-06-03,CUST394,Female,27,Clothing,1,500,500,0.240506329113924,Madium,6,2023
394,394,395,2023-12-06,CUST395,Male,50,Electronics,2,500,1000,0.4936708860759494,High,12,2023
395,395,396,2023-02-23,CUST396,Female,55,Beauty,1,30,30,0.0025316455696202,Low,2,2023
396,396,397,2023-03-10,CUST397,Female,30,Beauty,1,25,25,0.0,Low,3,2023
397,397,398,2023-05-16,CUST398,Female,48,Clothing,2,300,600,0.2911392405063291,,5,2023
398,398,399,2023-03-01,CUST399,Female,64,Beauty,2,30,60,0.0177215189873417,Low,3,2023
399,399,400,2023-02-24,CUST400,Male,53,Clothing,4,50,200,0.0886075949367088,Madium,2,2023
400,400,401,2023-10-11,CUST401,Female,62,Clothing,1,300,300,0.1392405063291139,Madium,10,2023
401,401,402,2023-03-21,CUST402,Female,41,Clothing,2,300,600,0.2911392405063291,,3,2023
402,402,403,2023-05-20,CUST403,Male,32,Clothing,2,300,600,0.2911392405063291,,5,2023
403,403,404,2023-05-25,CUST404,Male,46,Electronics,2,500,1000,0.4936708860759494,High,5,2023
404,404,405,2023-11-06,CUST405,Female,25,Clothing,4,300,1200,0.5949367088607594,High,11,2023
405,405,406,2023-04-18,CUST406,Female,22,Beauty,4,25,100,0.0379746835443038,Low,4,2023
406,406,407,2023-06-25,CUST407,Female,46,Electronics,3,300,900,0.4430379746835443,,6,2023
407,407,408,2023-04-15,CUST408,Female,64,Beauty,1,500,500,0.240506329113924,Madium,4,2023
408,408,409,2023-12-18,CUST409,Female,21,Electronics,3,300,900,0.4430379746835443,,12,2023
409,409,410,2023-11-21,CUST410,Female,29,Clothing,2,50,100,0.0379746835443038,Low,11,2023
410,410,411,2023-05-16,CUST411,Male,62,Electronics,4,50,200,0.0886075949367088,Madium,5,2023
411,411,412,2023-09-16,CUST412,Female,19,Electronics,4,500,2000,1.0,High,9,2023
412,412,413,2023-09-08,CUST413,Female,44,Beauty,3,25,75,0.0253164556962025,Low,9,2023
413,413,414,2023-05-09,CUST414,Male,48,Beauty,4,25,100,0.0379746835443038,Low,5,2023
414,414,415,2023-01-27,CUST415,Male,53,Clothing,2,30,60,0.0177215189873417,Low,1,2023
415,415,416,2023-02-17,CUST416,Male,53,Electronics,4,500,2000,1.0,High,2,2023
416,416,417,2023-11-21,CUST417,Male,43,Electronics,3,300,900,0.4430379746835443,,11,2023
417,417,418,2023-08-05,CUST418,Female,60,Electronics,2,500,1000,0.4936708860759494,High,8,2023
418,418,419,2023-05-22,CUST419,Female,44,Clothing,3,30,90,0.0329113924050632,Low,5,2023
419,419,420,2023-01-23,CUST420,Female,22,Clothing,4,500,2000,1.0,High,1,2023
420,420,421,2023-01-02,CUST421,Female,37,Clothing,3,500,1500,0.7468354430379747,High,1,2023
421,421,422,2023-06-20,CUST422,Female,28,Clothing,3,30,90,0.0329113924050632,Low,6,2023
422,422,423,2023-03-08,CUST423,Female,27,Clothing,1,25,25,0.0,Low,3,2023
423,423,424,2023-11-23,CUST424,Male,57,Beauty,4,300,1200,0.5949367088607594,High,11,2023
424,424,425,2023-05-15,CUST425,Female,55,Electronics,4,30,120,0.0481012658227848,Madium,5,2023
425,425,426,2023-03-24,CUST426,Male,23,Electronics,3,50,150,0.0632911392405063,Madium,3,2023
426,426,427,2023-08-15,CUST427,Male,25,Electronics,1,25,25,0.0,Low,8,2023
427,427,428,2023-10-10,CUST428,Female,40,Electronics,4,50,200,0.0886075949367088,Madium,10,2023
428,428,429,2023-12-28,CUST429,Male,64,Electronics,2,25,50,0.0126582278481012,Low,12,2023
429,429,430,2023-08-07,CUST430,Female,43,Electronics,3,300,900,0.4430379746835443,,8,2023
430,430,431,2023-10-15,CUST431,Male,63,Electronics,4,300,1200,0.5949367088607594,High,10,2023
431,431,432,2023-01-05,CUST432,Female,60,Electronics,2,500,1000,0.4936708860759494,High,1,2023
432,432,433,2023-02-27,CUST433,Male,29,Beauty,4,50,200,0.0886075949367088,Madium,2,2023
433,433,434,2023-02-08,CUST434,Female,43,Electronics,2,25,50,0.0126582278481012,Low,2,2023
434,434,435,2023-12-20,CUST435,Female,30,Beauty,3,300,900,0.4430379746835443,,12,2023
435,435,436,2023-03-18,CUST436,Female,57,Clothing,4,30,120,0.0481012658227848,Madium,3,2023
436,436,437,2023-10-07,CUST437,Female,35,Electronics,4,300,1200,0.5949367088607594,High,10,2023
437,437,438,2023-01-19,CUST438,Female,42,Clothing,1,30,30,0.0025316455696202,Low,1,2023
438,438,439,2023-07-09,CUST439,Male,50,Clothing,3,25,75,0.0253164556962025,Low,7,2023
439,439,440,2023-10-26,CUST440,Male,64,Clothing,2,300,600,0.2911392405063291,,10,2023
440,440,441,2023-10-10,CUST441,Male,57,Beauty,4,300,1200,0.5949367088607594,High,10,2023
441,441,442,2023-03-17,CUST442,Female,60,Clothing,4,25,100,0.0379746835443038,Low,3,2023
442,442,443,2023-08-09,CUST443,Male,29,Clothing,2,300,600,0.2911392405063291,,8,2023
443,443,444,2023-03-07,CUST444,Female,61,Clothing,3,30,90,0.0329113924050632,Low,3,2023
444,444,445,2023-01-22,CUST445,Female,53,Electronics,1,300,300,0.1392405063291139,Madium,1,2023
445,445,446,2023-06-07,CUST446,Male,21,Electronics,1,50,50,0.0126582278481012,Low,6,2023
446,446,447,2023-07-06,CUST447,Male,22,Beauty,4,500,2000,1.0,High,7,2023
447,447,448,2023-01-21,CUST448,Female,54,Beauty,2,30,60,0.0177215189873417,Low,1,2023
448,448,449,2023-07-03,CUST449,Male,25,Electronics,4,50,200,0.0886075949367088,Madium,7,2023
449,449,450,2023-04-18,CUST450,Female,59,Beauty,2,25,50,0.0126582278481012,Low,4,2023
450,450,451,2023-12-16,CUST451,Female,45,Electronics,1,30,30,0.0025316455696202,Low,12,2023
451,451,452,2023-05-08,CUST452,Female,48,Clothing,3,500,1500,0.7468354430379747,High,5,2023
452,452,453,2023-12-08,CUST453,Female,26,Clothing,2,500,1000,0.4936708860759494,High,12,2023
453,453,454,2023-02-22,CUST454,Female,46,Beauty,1,25,25,0.0,Low,2,2023
454,454,455,2023-07-01,CUST455,Male,31,Electronics,4,25,100,0.0379746835443038,Low,7,2023
455,455,456,2023-10-14,CUST456,Male,57,Electronics,2,30,60,0.0177215189873417,Low,10,2023
456,456,457,2023-07-28,CUST457,Female,58,Beauty,3,300,900,0.4430379746835443,,7,2023
457,457,458,2023-11-14,CUST458,Female,39,Electronics,4,25,100,0.0379746835443038,Low,11,2023
458,458,459,2023-03-21,CUST459,Male,28,Clothing,4,300,1200,0.5949367088607594,High,3,2023
459,459,460,2023-05-02,CUST460,Male,40,Beauty,1,50,50,0.0126582278481012,Low,5,2023
460,460,461,2023-03-25,CUST461,Female,18,Beauty,2,500,1000,0.4936708860759494,High,3,2023
461,461,462,2023-04-01,CUST462,Male,63,Electronics,4,300,1200,0.5949367088607594,High,4,2023
462,462,463,2023-07-31,CUST463,Female,54,Beauty,3,500,1500,0.7468354430379747,High,7,2023
463,463,464,2023-01-13,CUST464,Male,38,Electronics,2,300,600,0.2911392405063291,,1,2023
464,464,465,2023-04-02,CUST465,Female,43,Electronics,3,50,150,0.0632911392405063,Madium,4,2023
465,465,466,2023-06-20,CUST466,Male,63,Electronics,4,25,100,0.0379746835443038,Low,6,2023
466,466,467,2023-07-30,CUST467,Female,53,Electronics,3,50,150,0.0632911392405063,Madium,7,2023
467,467,468,2023-12-09,CUST468,Male,40,Electronics,1,25,25,0.0,Low,12,2023
468,468,469,2023-05-08,CUST469,Male,18,Beauty,3,25,75,0.0253164556962025,Low,5,2023
469,469,470,2023-05-17,CUST470,Female,57,Clothing,2,500,1000,0.4936708860759494,High,5,2023
470,470,471,2023-03-23,CUST471,Male,32,Clothing,3,50,150,0.0632911392405063,Madium,3,2023
471,471,472,2023-12-26,CUST472,Female,38,Beauty,3,300,900,0.4430379746835443,,12,2023
472,472,473,2023-02-25,CUST473,Male,64,Beauty,1,50,50,0.0126582278481012,Low,2,2023
473,473,474,2023-07-15,CUST474,Female,26,Clothing,3,500,1500,0.7468354430379747,High,7,2023
474,474,475,2023-01-20,CUST475,Male,26,Clothing,3,25,75,0.0253164556962025,Low,1,2023
475,475,476,2023-08-29,CUST476,Female,27,Clothing,4,500,2000,1.0,High,8,2023
476,476,477,2023-04-24,CUST477,Male,43,Clothing,4,30,120,0.0481012658227848,Madium,4,2023
477,477,478,2023-04-13,CUST478,Female,58,Clothing,2,30,60,0.0177215189873417,Low,4,2023
478,478,479,2023-08-24,CUST479,Male,52,Electronics,4,300,1200,0.5949367088607594,High,8,2023
479,479,480,2023-06-29,CUST480,Female,42,Beauty,4,500,2000,1.0,High,6,2023
480,480,481,2023-06-06,CUST481,Female,43,Electronics,4,300,1200,0.5949367088607594,High,6,2023
481,481,482,2023-04-27,CUST482,Female,28,Clothing,4,300,1200,0.5949367088607594,High,4,2023
482,482,483,2023-04-25,CUST483,Male,55,Clothing,1,30,30,0.0025316455696202,Low,4,2023
483,483,484,2023-01-13,CUST484,Female,19,Clothing,4,300,1200,0.5949367088607594,High,1,2023
484,484,485,2023-12-04,CUST485,Male,24,Electronics,1,30,30,0.0025316455696202,Low,12,2023
485,485,486,2023-04-09,CUST486,Female,35,Electronics,1,25,25,0.0,Low,4,2023
486,486,487,2023-07-24,CUST487,Male,44,Clothing,4,500,2000,1.0,High,7,2023
487,487,488,2023-06-18,CUST488,Female,51,Electronics,3,300,900,0.4430379746835443,,6,2023
488,488,489,2023-05-23,CUST489,Male,44,Electronics,1,30,30,0.0025316455696202,Low,5,2023
489,489,490,2023-02-05,CUST490,Male,34,Clothing,3,50,150,0.0632911392405063,Madium,2,2023
490,490,491,2023-05-23,CUST491,Female,60,Electronics,3,300,900,0.4430379746835443,,5,2023
491,491,492,2023-06-29,CUST492,Male,61,Beauty,4,25,100,0.0379746835443038,Low,6,2023
492,492,493,2023-11-25,CUST493,Male,41,Beauty,2,25,50,0.0126582278481012,Low,11,2023
493,493,494,2023-09-18,CUST494,Female,42,Beauty,4,50,200,0.0886075949367088,Madium,9,2023
494,494,495,2023-07-24,CUST495,Male,24,Beauty,2,30,60,0.0177215189873417,Low,7,2023
495,495,496,2023-12-14,CUST496,Male,23,Clothing,2,300,600,0.2911392405063291,,12,2023
496,496,497,2023-10-02,CUST497,Male,41,Clothing,4,30,120,0.0481012658227848,Madium,10,2023
497,497,498,2023-06-19,CUST498,Female,50,Clothing,4,25,100,0.0379746835443038,Low,6,2023
498,498,499,2023-01-15,CUST499,Male,46,Beauty,2,30,60,0.0177215189873417,Low,1,2023
499,499,500,2023-03-01,CUST500,Female,60,Beauty,4,25,100,0.0379746835443038,Low,3,2023
500,500,501,2023-05-14,CUST501,Male,39,Electronics,2,30,60,0.0177215189873417,Low,5,2023
501,501,502,2023-04-02,CUST502,Male,43,Electronics,3,50,150,0.0632911392405063,Madium,4,2023
502,502,503,2023-10-25,CUST503,Male,45,Beauty,4,500,2000,1.0,High,10,2023
503,503,504,2023-05-16,CUST504,Female,38,Beauty,3,50,150,0.0632911392405063,Madium,5,2023
504,504,505,2023-01-20,CUST505,Male,24,Beauty,1,50,50,0.0126582278481012,Low,1,2023
505,505,506,2023-02-25,CUST506,Male,34,Beauty,3,500,1500,0.7468354430379747,High,2,2023
506,506,507,2023-11-02,CUST507,Female,37,Electronics,3,500,1500,0.7468354430379747,High,11,2023
507,507,508,2023-08-11,CUST508,Male,58,Beauty,2,300,600,0.2911392405063291,,8,2023
508,508,509,2023-06-26,CUST509,Female,37,Electronics,3,300,900,0.4430379746835443,,6,2023
509,509,510,2023-06-10,CUST510,Female,39,Beauty,4,50,200,0.0886075949367088,Madium,6,2023
510,510,511,2023-08-12,CUST511,Male,45,Beauty,2,50,100,0.0379746835443038,Low,8,2023
511,511,512,2023-11-07,CUST512,Female,57,Beauty,1,25,25,0.0,Low,11,2023
512,512,513,2023-09-19,CUST513,Male,24,Electronics,4,25,100,0.0379746835443038,Low,9,2023
513,513,514,2023-03-01,CUST514,Female,18,Electronics,1,300,300,0.1392405063291139,Madium,3,2023
514,514,515,2023-07-17,CUST515,Female,49,Clothing,3,300,900,0.4430379746835443,,7,2023
515,515,516,2023-10-23,CUST516,Male,30,Beauty,4,25,100,0.0379746835443038,Low,10,2023
516,516,517,2023-04-08,CUST517,Female,47,Clothing,4,25,100,0.0379746835443038,Low,4,2023
517,517,518,2023-05-11,CUST518,Female,40,Clothing,1,30,30,0.0025316455696202,Low,5,2023
518,518,519,2023-01-23,CUST519,Female,36,Electronics,4,30,120,0.0481012658227848,Madium,1,2023
519,519,520,2023-12-29,CUST520,Female,49,Electronics,4,25,100,0.0379746835443038,Low,12,2023
520,520,521,2023-08-12,CUST521,Female,47,Clothing,4,30,120,0.0481012658227848,Madium,8,2023
521,521,522,2023-01-01,CUST522,Male,46,Beauty,3,500,1500,0.7468354430379747,High,1,2023
522,522,523,2023-09-24,CUST523,Female,62,Electronics,1,300,300,0.1392405063291139,Madium,9,2023
523,523,524,2023-10-03,CUST524,Male,46,Beauty,4,300,1200,0.5949367088607594,High,10,2023
524,524,525,2023-12-18,CUST525,Female,47,Beauty,2,25,50,0.0126582278481012,Low,12,2023
525,525,526,2023-12-10,CUST526,Male,33,Clothing,2,50,100,0.0379746835443038,Low,12,2023
526,526,527,2023-04-11,CUST527,Male,57,Clothing,2,25,50,0.0126582278481012,Low,4,2023
527,527,528,2023-07-06,CUST528,Female,36,Clothing,2,30,60,0.0177215189873417,Low,7,2023
528,528,529,2023-08-09,CUST529,Female,35,Clothing,3,50,150,0.0632911392405063,Madium,8,2023
529,529,530,2023-02-05,CUST530,Female,18,Electronics,4,30,120,0.0481012658227848,Madium,2,2023
530,530,531,2023-12-07,CUST531,Male,31,Electronics,1,500,500,0.240506329113924,Madium,12,2023
531,531,532,2023-06-19,CUST532,Female,64,Clothing,4,30,120,0.0481012658227848,Madium,6,2023
532,532,533,2023-11-16,CUST533,Male,19,Electronics,3,500,1500,0.7468354430379747,High,11,2023
533,533,534,2023-06-10,CUST534,Male,45,Clothing,2,500,1000,0.4936708860759494,High,6,2023
534,534,535,2023-12-06,CUST535,Male,47,Beauty,3,30,90,0.0329113924050632,Low,12,2023
535,535,536,2023-03-05,CUST536,Female,55,Beauty,4,30,120,0.0481012658227848,Madium,3,2023
536,536,537,2023-06-03,CUST537,Female,21,Beauty,1,500,500,0.240506329113924,Madium,6,2023
537,537,538,2023-09-17,CUST538,Male,18,Clothing,3,50,150,0.0632911392405063,Madium,9,2023
538,538,539,2023-06-08,CUST539,Male,25,Beauty,1,500,500,0.240506329113924,Madium,6,2023
539,539,540,2023-12-08,CUST540,Female,46,Electronics,3,300,900,0.4430379746835443,,12,2023
540,540,541,2023-07-29,CUST541,Male,56,Beauty,1,500,500,0.240506329113924,Madium,7,2023
541,541,542,2023-06-17,CUST542,Female,20,Beauty,1,50,50,0.0126582278481012,Low,6,2023
542,542,543,2023-07-26,CUST543,Male,49,Beauty,2,300,600,0.2911392405063291,,7,2023
543,543,544,2023-12-23,CUST544,Female,27,Electronics,1,25,25,0.0,Low,12,2023
544,544,545,2023-06-01,CUST545,Male,27,Clothing,2,25,50,0.0126582278481012,Low,6,2023
545,545,546,2023-10-11,CUST546,Female,36,Electronics,4,50,200,0.0886075949367088,Madium,10,2023
546,546,547,2023-03-07,CUST547,Male,63,Clothing,4,500,2000,1.0,High,3,2023
547,547,548,2023-04-09,CUST548,Female,51,Clothing,2,30,60,0.0177215189873417,Low,4,2023
548,548,549,2023-08-04,CUST549,Female,50,Beauty,2,50,100,0.0379746835443038,Low,8,2023
549,549,550,2023-12-07,CUST550,Male,40,Clothing,3,300,900,0.4430379746835443,,12,2023
550,550,551,2023-07-14,CUST551,Male,45,Electronics,3,300,900,0.4430379746835443,,7,2023
551,551,552,2023-12-13,CUST552,Female,49,Electronics,3,25,75,0.0253164556962025,Low,12,2023
552,552,553,2023-03-31,CUST553,Male,24,Clothing,4,300,1200,0.5949367088607594,High,3,2023
553,553,554,2023-11-12,CUST554,Female,46,Beauty,3,50,150,0.0632911392405063,Madium,11,2023
554,554,555,2023-10-19,CUST555,Male,25,Beauty,1,300,300,0.1392405063291139,Madium,10,2023
555,555,556,2023-06-04,CUST556,Female,18,Electronics,1,50,50,0.0126582278481012,Low,6,2023
556,556,557,2023-07-27,CUST557,Female,20,Beauty,3,30,90,0.0329113924050632,Low,7,2023
557,557,558,2023-10-08,CUST558,Female,41,Clothing,1,25,25,0.0,Low,10,2023
558,558,559,2023-01-01,CUST559,Female,40,Clothing,4,300,1200,0.5949367088607594,High,1,2023
559,559,560,2023-06-05,CUST560,Female,25,Electronics,1,50,50,0.0126582278481012,Low,6,2023
560,560,561,2023-05-27,CUST561,Female,64,Clothing,4,500,2000,1.0,High,5,2023
561,561,562,2023-04-18,CUST562,Male,54,Electronics,2,25,50,0.0126582278481012,Low,4,2023
562,562,563,2023-08-09,CUST563,Male,20,Clothing,2,30,60,0.0177215189873417,Low,8,2023
563,563,564,2023-10-24,CUST564,Male,50,Electronics,2,50,100,0.0379746835443038,Low,10,2023
564,564,565,2023-11-07,CUST565,Female,45,Beauty,2,30,60,0.0177215189873417,Low,11,2023
565,565,566,2023-12-02,CUST566,Female,64,Clothing,1,30,30,0.0025316455696202,Low,12,2023
566,566,567,2023-06-14,CUST567,Female,25,Clothing,3,300,900,0.4430379746835443,,6,2023
567,567,568,2023-08-27,CUST568,Female,51,Electronics,1,300,300,0.1392405063291139,Madium,8,2023
568,568,569,2023-08-15,CUST569,Male,52,Electronics,4,50,200,0.0886075949367088,Madium,8,2023
569,569,570,2023-08-15,CUST570,Male,49,Clothing,1,500,500,0.240506329113924,Madium,8,2023
570,570,571,2023-12-12,CUST571,Female,41,Electronics,1,50,50,0.0126582278481012,Low,12,2023
571,571,572,2023-04-20,CUST572,Male,31,Clothing,4,500,2000,1.0,High,4,2023
572,572,573,2023-09-19,CUST573,Male,49,Beauty,2,30,60,0.0177215189873417,Low,9,2023
573,573,574,2023-08-31,CUST574,Female,63,Electronics,2,25,50,0.0126582278481012,Low,8,2023
574,574,575,2023-03-28,CUST575,Male,60,Clothing,2,50,100,0.0379746835443038,Low,3,2023
575,575,576,2023-12-04,CUST576,Female,33,Beauty,3,50,150,0.0632911392405063,Madium,12,2023
576,576,577,2023-02-13,CUST577,Male,21,Beauty,4,500,2000,1.0,High,2,2023
577,577,578,2023-05-26,CUST578,Female,54,Clothing,4,30,120,0.0481012658227848,Madium,5,2023
578,578,579,2023-09-21,CUST579,Female,38,Electronics,1,30,30,0.0025316455696202,Low,9,2023
579,579,580,2023-12-06,CUST580,Female,31,Clothing,3,500,1500,0.7468354430379747,High,12,2023
580,580,581,2023-11-21,CUST581,Female,48,Beauty,2,30,60,0.0177215189873417,Low,11,2023
581,581,582,2023-11-14,CUST582,Male,35,Clothing,3,300,900,0.4430379746835443,,11,2023
582,582,583,2023-06-21,CUST583,Female,24,Electronics,4,25,100,0.0379746835443038,Low,6,2023
583,583,584,2023-02-17,CUST584,Female,27,Beauty,4,50,200,0.0886075949367088,Madium,2,2023
584,584,585,2023-05-01,CUST585,Female,24,Clothing,1,25,25,0.0,Low,5,2023
585,585,586,2023-12-11,CUST586,Male,50,Electronics,1,50,50,0.0126582278481012,Low,12,2023
586,586,587,2023-06-08,CUST587,Female,40,Beauty,4,300,1200,0.5949367088607594,High,6,2023
587,587,588,2023-04-26,CUST588,Male,38,Electronics,2,30,60,0.0177215189873417,Low,4,2023
588,588,589,2023-04-12,CUST589,Female,36,Beauty,2,500,1000,0.4936708860759494,High,4,2023
589,589,590,2023-03-17,CUST590,Male,36,Clothing,3,300,900,0.4430379746835443,,3,2023
590,590,591,2023-01-13,CUST591,Male,53,Electronics,4,25,100,0.0379746835443038,Low,1,2023
591,591,592,2023-01-24,CUST592,Female,46,Beauty,4,500,2000,1.0,High,1,2023
592,592,593,2023-05-06,CUST593,Male,35,Electronics,2,30,60,0.0177215189873417,Low,5,2023
593,593,594,2023-09-01,CUST594,Female,19,Electronics,2,300,600,0.2911392405063291,,9,2023
594,594,595,2023-11-09,CUST595,Female,18,Clothing,4,500,2000,1.0,High,11,2023
595,595,596,2023-02-07,CUST596,Female,64,Electronics,1,300,300,0.1392405063291139,Madium,2,2023
596,596,597,2023-08-22,CUST597,Male,22,Beauty,4,300,1200,0.5949367088607594,High,8,2023
597,597,598,2023-08-01,CUST598,Male,37,Beauty,4,30,120,0.0481012658227848,Madium,8,2023
598,598,599,2023-11-19,CUST599,Female,28,Beauty,2,50,100,0.0379746835443038,Low,11,2023
599,599,600,2023-10-22,CUST600,Female,59,Beauty,2,500,1000,0.4936708860759494,High,10,2023
600,600,601,2023-04-10,CUST601,Male,19,Clothing,1,30,30,0.0025316455696202,Low,4,2023
601,601,602,2023-12-23,CUST602,Female,20,Electronics,1,300,300,0.1392405063291139,Madium,12,2023
602,602,603,2023-07-16,CUST603,Female,40,Clothing,3,30,90,0.0329113924050632,Low,7,2023
603,603,604,2023-09-11,CUST604,Female,29,Electronics,4,50,200,0.0886075949367088,Madium,9,2023
604,604,605,2023-07-24,CUST605,Male,37,Electronics,2,500,1000,0.4936708860759494,High,7,2023
605,605,606,2023-05-05,CUST606,Male,22,Electronics,1,50,50,0.0126582278481012,Low,5,2023
606,606,607,2023-03-17,CUST607,Male,54,Clothing,3,25,75,0.0253164556962025,Low,3,2023
607,607,608,2023-12-02,CUST608,Female,55,Electronics,3,500,1500,0.7468354430379747,High,12,2023
608,608,609,2023-12-19,CUST609,Female,47,Clothing,2,50,100,0.0379746835443038,Low,12,2023
609,609,610,2023-01-03,CUST610,Female,26,Beauty,2,300,600,0.2911392405063291,,1,2023
610,610,611,2023-02-24,CUST611,Male,51,Beauty,3,500,1500,0.7468354430379747,High,2,2023
611,611,612,2023-08-06,CUST612,Female,61,Electronics,1,500,500,0.240506329113924,Madium,8,2023
612,612,613,2023-04-23,CUST613,Female,52,Clothing,3,30,90,0.0329113924050632,Low,4,2023
613,613,614,2023-04-01,CUST614,Female,39,Beauty,4,300,1200,0.5949367088607594,High,4,2023
614,614,615,2023-12-23,CUST615,Female,61,Clothing,4,25,100,0.0379746835443038,Low,12,2023
615,615,616,2023-09-23,CUST616,Male,41,Clothing,2,50,100,0.0379746835443038,Low,9,2023
616,616,617,2023-08-26,CUST617,Male,34,Electronics,1,30,30,0.0025316455696202,Low,8,2023
617,617,618,2023-01-26,CUST618,Female,27,Beauty,1,50,50,0.0126582278481012,Low,1,2023
618,618,619,2023-10-13,CUST619,Male,47,Electronics,4,25,100,0.0379746835443038,Low,10,2023
619,619,620,2023-05-08,CUST620,Male,63,Electronics,3,25,75,0.0253164556962025,Low,5,2023
620,620,621,2023-03-04,CUST621,Female,40,Beauty,2,500,1000,0.4936708860759494,High,3,2023
621,621,622,2023-08-22,CUST622,Female,49,Beauty,3,25,75,0.0253164556962025,Low,8,2023
622,622,623,2023-03-10,CUST623,Male,34,Clothing,3,50,150,0.0632911392405063,Madium,3,2023
623,623,624,2023-08-26,CUST624,Female,34,Beauty,3,300,900,0.4430379746835443,,8,2023
624,624,625,2023-12-08,CUST625,Male,31,Clothing,1,300,300,0.1392405063291139,Madium,12,2023
625,625,626,2023-09-29,CUST626,Female,26,Clothing,4,500,2000,1.0,High,9,2023
626,626,627,2023-10-14,CUST627,Male,57,Clothing,1,50,50,0.0126582278481012,Low,10,2023
627,627,628,2023-11-01,CUST628,Female,19,Beauty,4,50,200,0.0886075949367088,Madium,11,2023
628,628,629,2023-06-12,CUST629,Male,62,Electronics,2,25,50,0.0126582278481012,Low,6,2023
629,629,630,2023-08-15,CUST630,Male,42,Clothing,2,50,100,0.0379746835443038,Low,8,2023
630,630,631,2023-11-10,CUST631,Male,56,Electronics,3,30,90,0.0329113924050632,Low,11,2023
631,631,632,2023-09-16,CUST632,Female,26,Electronics,4,25,100,0.0379746835443038,Low,9,2023
632,632,633,2023-08-07,CUST633,Male,39,Beauty,4,30,120,0.0481012658227848,Madium,8,2023
633,633,634,2023-10-08,CUST634,Male,60,Electronics,4,500,2000,1.0,High,10,2023
634,634,635,2023-08-17,CUST635,Female,63,Electronics,3,300,900,0.4430379746835443,,8,2023
635,635,636,2023-03-23,CUST636,Female,21,Beauty,3,500,1500,0.7468354430379747,High,3,2023
636,636,637,2023-09-01,CUST637,Male,43,Clothing,2,300,600,0.2911392405063291,,9,2023
637,637,638,2023-08-19,CUST638,Male,46,Electronics,1,500,500,0.240506329113924,Madium,8,2023
638,638,639,2023-05-13,CUST639,Female,62,Beauty,4,50,200,0.0886075949367088,Madium,5,2023
639,639,640,2023-05-07,CUST640,Female,51,Electronics,4,30,120,0.0481012658227848,Madium,5,2023
640,640,641,2023-11-23,CUST641,Female,40,Electronics,1,300,300,0.1392405063291139,Madium,11,2023
641,641,642,2023-05-22,CUST642,Female,54,Clothing,4,25,100,0.0379746835443038,Low,5,2023
642,642,643,2023-09-24,CUST643,Female,28,Electronics,3,30,90,0.0329113924050632,Low,9,2023
643,643,644,2023-09-06,CUST644,Male,23,Beauty,3,25,75,0.0253164556962025,Low,9,2023
644,644,645,2023-11-17,CUST645,Female,35,Electronics,4,30,120,0.0481012658227848,Madium,11,2023
645,645,646,2023-05-03,CUST646,Male,38,Clothing,3,30,90,0.0329113924050632,Low,5,2023
646,646,647,2023-05-21,CUST647,Male,59,Clothing,3,500,1500,0.7468354430379747,High,5,2023
647,647,648,2023-08-14,CUST648,Male,53,Beauty,4,300,1200,0.5949367088607594,High,8,2023
648,648,649,2023-02-09,CUST649,Female,58,Clothing,2,300,600,0.2911392405063291,,2,2023
649,649,650,2024-01-01,CUST650,Male,55,Electronics,1,30,30,0.0025316455696202,Low,1,2024
650,650,651,2023-05-27,CUST651,Male,51,Clothing,3,50,150,0.0632911392405063,Madium,5,2023
651,651,652,2023-05-01,CUST652,Female,34,Beauty,2,50,100,0.0379746835443038,Low,5,2023
652,652,653,2023-05-20,CUST653,Male,54,Clothing,3,25,75,0.0253164556962025,Low,5,2023
653,653,654,2023-06-21,CUST654,Male,42,Clothing,3,25,75,0.0253164556962025,Low,6,2023
654,654,655,2023-06-13,CUST655,Female,55,Clothing,1,500,500,0.240506329113924,Madium,6,2023
655,655,656,2023-10-04,CUST656,Male,29,Beauty,3,30,90,0.0329113924050632,Low,10,2023
656,656,657,2023-02-11,CUST657,Male,40,Clothing,1,25,25,0.0,Low,2,2023
657,657,658,2023-03-12,CUST658,Male,59,Clothing,1,25,25,0.0,Low,3,2023
658,658,659,2023-03-19,CUST659,Female,39,Electronics,1,30,30,0.0025316455696202,Low,3,2023
659,659,660,2023-04-29,CUST660,Female,38,Beauty,2,500,1000,0.4936708860759494,High,4,2023
660,660,661,2023-07-16,CUST661,Female,44,Clothing,4,25,100,0.0379746835443038,Low,7,2023
661,661,662,2023-12-22,CUST662,Male,48,Beauty,2,500,1000,0.4936708860759494,High,12,2023
662,662,663,2023-03-20,CUST663,Male,23,Clothing,4,300,1200,0.5949367088607594,High,3,2023
663,663,664,2023-12-28,CUST664,Female,44,Clothing,4,500,2000,1.0,High,12,2023
664,664,665,2023-04-20,CUST665,Male,57,Clothing,1,50,50,0.0126582278481012,Low,4,2023
665,665,666,2023-02-02,CUST666,Male,51,Electronics,3,50,150,0.0632911392405063,Madium,2,2023
666,666,667,2023-08-01,CUST667,Female,29,Electronics,1,500,500,0.240506329113924,Madium,8,2023
667,667,668,2023-07-28,CUST668,Female,62,Electronics,3,50,150,0.0632911392405063,Madium,7,2023
668,668,669,2023-06-19,CUST669,Male,24,Beauty,4,300,1200,0.5949367088607594,High,6,2023
669,669,670,2023-10-05,CUST670,Male,27,Beauty,1,30,30,0.0025316455696202,Low,10,2023
670,670,671,2023-08-27,CUST671,Male,62,Electronics,3,50,150,0.0632911392405063,Madium,8,2023
671,671,672,2023-08-01,CUST672,Female,34,Beauty,2,50,100,0.0379746835443038,Low,8,2023
672,672,673,2023-02-01,CUST673,Female,43,Clothing,3,500,1500,0.7468354430379747,High,2,2023
673,673,674,2023-04-16,CUST674,Female,38,Clothing,1,300,300,0.1392405063291139,Madium,4,2023
674,674,675,2023-08-04,CUST675,Female,45,Clothing,2,30,60,0.0177215189873417,Low,8,2023
675,675,676,2023-07-19,CUST676,Male,63,Electronics,3,500,1500,0.7468354430379747,High,7,2023
676,676,677,2023-10-27,CUST677,Female,19,Beauty,3,500,1500,0.7468354430379747,High,10,2023
677,677,678,2023-12-23,CUST678,Female,60,Electronics,3,300,900,0.4430379746835443,,12,2023
678,678,679,2023-01-11,CUST679,Female,18,Beauty,3,30,90,0.0329113924050632,Low,1,2023
679,679,680,2023-10-22,CUST680,Female,53,Clothing,3,300,900,0.4430379746835443,,10,2023
680,680,681,2023-07-14,CUST681,Female,43,Electronics,2,30,60,0.0177215189873417,Low,7,2023
681,681,682,2023-09-02,CUST682,Male,46,Beauty,4,300,1200,0.5949367088607594,High,9,2023
682,682,683,2023-01-04,CUST683,Male,38,Beauty,2,500,1000,0.4936708860759494,High,1,2023
683,683,684,2023-06-30,CUST684,Female,28,Clothing,2,500,1000,0.4936708860759494,High,6,2023
684,684,685,2023-06-02,CUST685,Male,57,Electronics,2,25,50,0.0126582278481012,Low,6,2023
685,685,686,2023-07-19,CUST686,Female,28,Electronics,4,50,200,0.0886075949367088,Madium,7,2023
686,686,687,2023-08-03,CUST687,Female,53,Electronics,1,300,300,0.1392405063291139,Madium,8,2023
687,687,688,2023-10-03,CUST688,Male,56,Clothing,4,25,100,0.0379746835443038,Low,10,2023
688,688,689,2023-10-07,CUST689,Male,57,Electronics,2,50,100,0.0379746835443038,Low,10,2023
689,689,690,2023-11-05,CUST690,Female,52,Clothing,3,300,900,0.4430379746835443,,11,2023
690,690,691,2023-04-23,CUST691,Female,51,Clothing,3,30,90,0.0329113924050632,Low,4,2023
691,691,692,2023-09-07,CUST692,Female,64,Clothing,2,50,100,0.0379746835443038,Low,9,2023
692,692,693,2023-04-23,CUST693,Male,41,Beauty,3,500,1500,0.7468354430379747,High,4,2023
693,693,694,2023-05-20,CUST694,Female,39,Electronics,2,25,50,0.0126582278481012,Low,5,2023
694,694,695,2023-08-12,CUST695,Female,22,Electronics,3,50,150,0.0632911392405063,Madium,8,2023
695,695,696,2023-09-06,CUST696,Female,50,Clothing,4,50,200,0.0886075949367088,Madium,9,2023
696,696,697,2023-01-15,CUST697,Male,53,Clothing,1,500,500,0.240506329113924,Madium,1,2023
697,697,698,2023-07-19,CUST698,Female,64,Electronics,1,300,300,0.1392405063291139,Madium,7,2023
698,698,699,2023-06-22,CUST699,Female,37,Clothing,4,30,120,0.0481012658227848,Madium,6,2023
699,699,700,2023-12-09,CUST700,Male,36,Electronics,4,500,2000,1.0,High,12,2023
700,700,701,2023-12-14,CUST701,Female,52,Beauty,2,30,60,0.0177215189873417,Low,12,2023
701,701,702,2023-07-27,CUST702,Female,60,Clothing,2,300,600,0.2911392405063291,,7,2023
702,702,703,2023-03-26,CUST703,Male,34,Electronics,2,50,100,0.0379746835443038,Low,3,2023
703,703,704,2023-08-28,CUST704,Female,62,Clothing,3,30,90,0.0329113924050632,Low,8,2023
704,704,705,2023-03-07,CUST705,Male,60,Electronics,2,25,50,0.0126582278481012,Low,3,2023
705,705,706,2023-11-15,CUST706,Male,51,Electronics,4,25,100,0.0379746835443038,Low,11,2023
706,706,707,2023-10-01,CUST707,Female,26,Clothing,1,500,500,0.240506329113924,Madium,10,2023
707,707,708,2023-01-14,CUST708,Female,43,Beauty,3,300,900,0.4430379746835443,,1,2023
708,708,709,2023-07-21,CUST709,Female,19,Electronics,2,500,1000,0.4936708860759494,High,7,2023
709,709,710,2023-10-31,CUST710,Female,26,Electronics,3,500,1500,0.7468354430379747,High,10,2023
710,710,711,2023-10-16,CUST711,Male,26,Electronics,3,500,1500,0.7468354430379747,High,10,2023
711,711,712,2023-12-06,CUST712,Female,57,Beauty,2,25,50,0.0126582278481012,Low,12,2023
712,712,713,2023-01-14,CUST713,Male,34,Beauty,3,25,75,0.0253164556962025,Low,1,2023
713,713,714,2023-02-12,CUST714,Female,18,Clothing,1,500,500,0.240506329113924,Madium,2,2023
714,714,715,2023-11-26,CUST715,Female,42,Beauty,4,25,100,0.0379746835443038,Low,11,2023
715,715,716,2023-08-08,CUST716,Female,60,Clothing,4,300,1200,0.5949367088607594,High,8,2023
716,716,717,2023-03-11,CUST717,Male,57,Clothing,1,500,500,0.240506329113924,Madium,3,2023
717,717,718,2023-08-25,CUST718,Female,59,Beauty,3,25,75,0.0253164556962025,Low,8,2023
718,718,719,2023-04-04,CUST719,Female,42,Clothing,2,30,60,0.0177215189873417,Low,4,2023
719,719,720,2023-01-26,CUST720,Female,56,Beauty,3,500,1500,0.7468354430379747,High,1,2023
720,720,721,2023-05-14,CUST721,Female,52,Clothing,1,500,500,0.240506329113924,Madium,5,2023
721,721,722,2023-07-14,CUST722,Male,20,Beauty,3,300,900,0.4430379746835443,,7,2023
722,722,723,2023-06-17,CUST723,Female,54,Beauty,4,50,200,0.0886075949367088,Madium,6,2023
723,723,724,2023-04-19,CUST724,Male,61,Clothing,3,50,150,0.0632911392405063,Madium,4,2023
724,724,725,2023-08-21,CUST725,Male,61,Electronics,1,300,300,0.1392405063291139,Madium,8,2023
725,725,726,2023-06-17,CUST726,Male,47,Clothing,4,300,1200,0.5949367088607594,High,6,2023
726,726,727,2023-06-22,CUST727,Male,55,Beauty,3,300,900,0.4430379746835443,,6,2023
727,727,728,2023-07-14,CUST728,Male,51,Electronics,3,50,150,0.0632911392405063,Madium,7,2023
728,728,729,2023-05-23,CUST729,Male,29,Clothing,4,300,1200,0.5949367088607594,High,5,2023
729,729,730,2023-08-04,CUST730,Female,36,Clothing,2,25,50,0.0126582278481012,Low,8,2023
730,730,731,2023-05-10,CUST731,Male,54,Clothing,4,500,2000,1.0,High,5,2023
731,731,732,2023-02-11,CUST732,Male,61,Electronics,2,500,1000,0.4936708860759494,High,2,2023
732,732,733,2023-08-29,CUST733,Male,34,Beauty,1,30,30,0.0025316455696202,Low,8,2023
733,733,734,2023-01-10,CUST734,Female,27,Clothing,1,30,30,0.0025316455696202,Low,1,2023
734,734,735,2023-10-04,CUST735,Female,64,Clothing,4,500,2000,1.0,High,10,2023
735,735,736,2023-01-27,CUST736,Male,29,Clothing,4,25,100,0.0379746835443038,Low,1,2023
736,736,737,2023-06-29,CUST737,Female,33,Clothing,1,50,50,0.0126582278481012,Low,6,2023
737,737,738,2023-04-25,CUST738,Male,41,Clothing,2,50,100,0.0379746835443038,Low,4,2023
738,738,739,2023-11-29,CUST739,Male,36,Beauty,1,25,25,0.0,Low,11,2023
739,739,740,2023-02-05,CUST740,Female,25,Beauty,4,50,200,0.0886075949367088,Madium,2,2023
740,740,741,2023-11-30,CUST741,Male,48,Clothing,1,300,300,0.1392405063291139,Madium,11,2023
741,741,742,2023-01-21,CUST742,Female,38,Electronics,4,500,2000,1.0,High,1,2023
742,742,743,2023-01-16,CUST743,Female,34,Beauty,4,500,2000,1.0,High,1,2023
743,743,744,2023-05-07,CUST744,Male,40,Electronics,1,25,25,0.0,Low,5,2023
744,744,745,2023-04-13,CUST745,Male,54,Beauty,2,50,100,0.0379746835443038,Low,4,2023
745,745,746,2023-01-11,CUST746,Female,33,Clothing,3,30,90,0.0329113924050632,Low,1,2023
746,746,747,2023-11-15,CUST747,Male,23,Beauty,1,30,30,0.0025316455696202,Low,11,2023
747,747,748,2023-03-20,CUST748,Male,25,Clothing,3,50,150,0.0632911392405063,Madium,3,2023
748,748,749,2023-05-03,CUST749,Male,42,Beauty,1,30,30,0.0025316455696202,Low,5,2023
749,749,750,2023-03-06,CUST750,Female,35,Clothing,3,25,75,0.0253164556962025,Low,3,2023
750,750,751,2023-08-31,CUST751,Female,42,Clothing,2,25,50,0.0126582278481012,Low,8,2023
751,751,752,2023-12-09,CUST752,Male,29,Clothing,2,50,100,0.0379746835443038,Low,12,2023
752,752,753,2023-02-28,CUST753,Female,32,Clothing,1,30,30,0.0025316455696202,Low,2,2023
753,753,754,2023-10-16,CUST754,Female,43,Electronics,4,25,100,0.0379746835443038,Low,10,2023
754,754,755,2023-04-22,CUST755,Female,58,Clothing,3,25,75,0.0253164556962025,Low,4,2023
755,755,756,2023-08-27,CUST756,Female,62,Electronics,4,300,1200,0.5949367088607594,High,8,2023
756,756,757,2023-12-25,CUST757,Female,43,Electronics,4,300,1200,0.5949367088607594,High,12,2023
757,757,758,2023-05-12,CUST758,Male,64,Clothing,4,25,100,0.0379746835443038,Low,5,2023
758,758,759,2023-07-08,CUST759,Male,49,Electronics,2,50,100,0.0379746835443038,Low,7,2023
759,759,760,2023-03-27,CUST760,Male,27,Beauty,1,500,500,0.240506329113924,Madium,3,2023
760,760,761,2023-11-07,CUST761,Female,33,Clothing,1,500,500,0.240506329113924,Madium,11,2023
761,761,762,2023-11-07,CUST762,Female,24,Electronics,2,25,50,0.0126582278481012,Low,11,2023
762,762,763,2023-02-28,CUST763,Male,34,Clothing,2,25,50,0.0126582278481012,Low,2,2023
763,763,764,2023-03-25,CUST764,Female,40,Clothing,1,25,25,0.0,Low,3,2023
764,764,765,2023-06-09,CUST765,Male,43,Clothing,4,50,200,0.0886075949367088,Madium,6,2023
765,765,766,2023-02-25,CUST766,Male,38,Electronics,3,300,900,0.4430379746835443,,2,2023
766,766,767,2023-10-24,CUST767,Male,39,Beauty,3,25,75,0.0253164556962025,Low,10,2023
767,767,768,2023-01-14,CUST768,Female,24,Beauty,3,25,75,0.0253164556962025,Low,1,2023
768,768,769,2023-06-09,CUST769,Female,31,Electronics,4,30,120,0.0481012658227848,Madium,6,2023
769,769,770,2023-10-22,CUST770,Male,32,Clothing,1,50,50,0.0126582278481012,Low,10,2023
770,770,771,2023-12-13,CUST771,Male,24,Electronics,2,25,50,0.0126582278481012,Low,12,2023
771,771,772,2023-07-12,CUST772,Male,26,Electronics,1,30,30,0.0025316455696202,Low,7,2023
772,772,773,2023-07-23,CUST773,Male,25,Electronics,4,500,2000,1.0,High,7,2023
773,773,774,2023-04-12,CUST774,Female,40,Clothing,2,25,50,0.0126582278481012,Low,4,2023
774,774,775,2023-02-08,CUST775,Female,46,Electronics,4,25,100,0.0379746835443038,Low,2,2023
775,775,776,2023-10-31,CUST776,Male,35,Clothing,3,30,90,0.0329113924050632,Low,10,2023
776,776,777,2023-12-20,CUST777,Male,48,Electronics,3,50,150,0.0632911392405063,Madium,12,2023
777,777,778,2023-11-18,CUST778,Female,47,Beauty,4,25,100,0.0379746835443038,Low,11,2023
778,778,779,2023-05-05,CUST779,Female,56,Electronics,2,500,1000,0.4936708860759494,High,5,2023
779,779,780,2023-02-22,CUST780,Male,52,Electronics,2,25,50,0.0126582278481012,Low,2,2023
780,780,781,2023-12-23,CUST781,Male,35,Beauty,1,500,500,0.240506329113924,Madium,12,2023
781,781,782,2023-06-04,CUST782,Male,59,Clothing,3,300,900,0.4430379746835443,,6,2023
782,782,783,2023-12-17,CUST783,Female,56,Clothing,1,300,300,0.1392405063291139,Madium,12,2023
783,783,784,2023-11-04,CUST784,Female,34,Electronics,1,500,500,0.240506329113924,Madium,11,2023
784,784,785,2023-03-03,CUST785,Female,31,Beauty,4,50,200,0.0886075949367088,Madium,3,2023
785,785,786,2023-10-17,CUST786,Male,48,Clothing,4,25,100,0.0379746835443038,Low,10,2023
786,786,787,2023-01-22,CUST787,Male,41,Electronics,1,25,25,0.0,Low,1,2023
787,787,788,2023-06-27,CUST788,Female,52,Beauty,3,300,900,0.4430379746835443,,6,2023
788,788,789,2023-09-30,CUST789,Female,61,Clothing,4,500,2000,1.0,High,9,2023
789,789,790,2023-08-08,CUST790,Male,62,Clothing,1,25,25,0.0,Low,8,2023
790,790,791,2023-12-05,CUST791,Female,51,Beauty,1,25,25,0.0,Low,12,2023
791,791,792,2023-07-09,CUST792,Female,20,Beauty,1,50,50,0.0126582278481012,Low,7,2023
792,792,793,2023-02-05,CUST793,Male,54,Beauty,1,30,30,0.0025316455696202,Low,2,2023
793,793,794,2023-09-17,CUST794,Female,60,Beauty,1,300,300,0.1392405063291139,Madium,9,2023
794,794,795,2023-11-28,CUST795,Male,57,Electronics,1,300,300,0.1392405063291139,Madium,11,2023
795,795,796,2023-06-24,CUST796,Male,43,Beauty,4,30,120,0.0481012658227848,Madium,6,2023
796,796,797,2023-01-07,CUST797,Male,40,Clothing,3,25,75,0.0253164556962025,Low,1,2023
797,797,798,2023-08-04,CUST798,Male,61,Clothing,1,50,50,0.0126582278481012,Low,8,2023
798,798,799,2023-09-08,CUST799,Male,56,Electronics,2,50,100,0.0379746835443038,Low,9,2023
799,799,800,2023-02-24,CUST800,Male,32,Clothing,4,300,1200,0.5949367088607594,High,2,2023
800,800,801,2023-08-10,CUST801,Male,21,Clothing,4,50,200,0.0886075949367088,Madium,8,2023
801,801,802,2023-07-05,CUST802,Female,46,Beauty,1,30,30,0.0025316455696202,Low,7,2023
802,802,803,2023-11-22,CUST803,Male,39,Clothing,4,25,100,0.0379746835443038,Low,11,2023
803,803,804,2023-08-24,CUST804,Male,42,Electronics,1,30,30,0.0025316455696202,Low,8,2023
804,804,805,2023-12-29,CUST805,Female,30,Beauty,3,500,1500,0.7468354430379747,High,12,2023
805,805,806,2023-03-20,CUST806,Female,35,Beauty,3,300,900,0.4430379746835443,,3,2023
806,806,807,2023-08-11,CUST807,Female,50,Electronics,4,50,200,0.0886075949367088,Madium,8,2023
807,807,808,2023-04-01,CUST808,Male,33,Beauty,4,500,2000,1.0,High,4,2023
808,808,809,2023-09-25,CUST809,Female,62,Beauty,2,50,100,0.0379746835443038,Low,9,2023
809,809,810,2023-11-30,CUST810,Male,59,Electronics,4,25,100,0.0379746835443038,Low,11,2023
810,810,811,2023-05-19,CUST811,Male,61,Beauty,2,25,50,0.0126582278481012,Low,5,2023
811,811,812,2023-11-12,CUST812,Male,19,Electronics,3,25,75,0.0253164556962025,Low,11,2023
812,812,813,2023-10-03,CUST813,Male,52,Electronics,3,50,150,0.0632911392405063,Madium,10,2023
813,813,814,2023-09-05,CUST814,Female,59,Clothing,1,500,500,0.240506329113924,Madium,9,2023
814,814,815,2023-08-27,CUST815,Female,51,Clothing,3,25,75,0.0253164556962025,Low,8,2023
815,815,816,2023-08-12,CUST816,Male,47,Beauty,2,500,1000,0.4936708860759494,High,8,2023
816,816,817,2023-10-31,CUST817,Male,30,Beauty,4,50,200,0.0886075949367088,Madium,10,2023
817,817,818,2023-05-18,CUST818,Male,30,Electronics,1,500,500,0.240506329113924,Madium,5,2023
818,818,819,2023-06-15,CUST819,Female,35,Beauty,2,50,100,0.0379746835443038,Low,6,2023
819,819,820,2023-05-06,CUST820,Male,49,Electronics,4,50,200,0.0886075949367088,Madium,5,2023
820,820,821,2023-02-14,CUST821,Male,49,Electronics,1,300,300,0.1392405063291139,Madium,2,2023
821,821,822,2023-05-23,CUST822,Female,52,Beauty,3,50,150,0.0632911392405063,Madium,5,2023
822,822,823,2023-08-19,CUST823,Female,56,Electronics,2,50,100,0.0379746835443038,Low,8,2023
823,823,824,2023-05-05,CUST824,Male,63,Clothing,4,30,120,0.0481012658227848,Madium,5,2023
824,824,825,2023-08-26,CUST825,Female,46,Beauty,1,25,25,0.0,Low,8,2023
825,825,826,2023-10-19,CUST826,Female,46,Clothing,1,300,300,0.1392405063291139,Madium,10,2023
826,826,827,2023-11-09,CUST827,Male,61,Beauty,3,300,900,0.4430379746835443,,11,2023
827,827,828,2023-12-09,CUST828,Female,33,Electronics,4,300,1200,0.5949367088607594,High,12,2023
828,828,829,2023-07-14,CUST829,Male,61,Beauty,3,30,90,0.0329113924050632,Low,7,2023
829,829,830,2023-06-22,CUST830,Female,64,Clothing,3,50,150,0.0632911392405063,Madium,6,2023
830,830,831,2023-01-15,CUST831,Male,27,Electronics,4,25,100,0.0379746835443038,Low,1,2023
831,831,832,2023-09-11,CUST832,Male,47,Beauty,4,500,2000,1.0,High,9,2023
832,832,833,2023-06-16,CUST833,Male,42,Beauty,4,50,200,0.0886075949367088,Madium,6,2023
833,833,834,2023-04-04,CUST834,Female,56,Beauty,2,30,60,0.0177215189873417,Low,4,2023
834,834,835,2023-09-07,CUST835,Male,37,Clothing,4,50,200,0.0886075949367088,Madium,9,2023
835,835,836,2023-04-19,CUST836,Female,22,Clothing,1,50,50,0.0126582278481012,Low,4,2023
836,836,837,2023-07-01,CUST837,Male,18,Beauty,3,30,90,0.0329113924050632,Low,7,2023
837,837,838,2023-05-13,CUST838,Male,47,Electronics,2,300,600,0.2911392405063291,,5,2023
838,838,839,2023-06-24,CUST839,Female,20,Electronics,4,300,1200,0.5949367088607594,High,6,2023
839,839,840,2023-05-24,CUST840,Male,62,Clothing,2,25,50,0.0126582278481012,Low,5,2023
840,840,841,2023-11-02,CUST841,Male,31,Electronics,4,25,100,0.0379746835443038,Low,11,2023
841,841,842,2023-12-26,CUST842,Female,47,Clothing,2,300,600,0.2911392405063291,,12,2023
842,842,843,2023-05-22,CUST843,Male,21,Beauty,3,500,1500,0.7468354430379747,High,5,2023
843,843,844,2023-10-12,CUST844,Male,35,Clothing,3,50,150,0.0632911392405063,Madium,10,2023
844,844,845,2023-01-06,CUST845,Male,54,Clothing,1,500,500,0.240506329113924,Madium,1,2023
845,845,846,2023-09-22,CUST846,Male,42,Beauty,1,50,50,0.0126582278481012,Low,9,2023
846,846,847,2023-04-08,CUST847,Female,18,Electronics,4,300,1200,0.5949367088607594,High,4,2023
847,847,848,2023-02-13,CUST848,Female,63,Clothing,3,25,75,0.0253164556962025,Low,2,2023
848,848,849,2023-05-04,CUST849,Male,32,Clothing,2,25,50,0.0126582278481012,Low,5,2023
849,849,850,2023-07-28,CUST850,Female,26,Beauty,2,500,1000,0.4936708860759494,High,7,2023
850,850,851,2023-09-08,CUST851,Male,32,Electronics,2,25,50,0.0126582278481012,Low,9,2023
851,851,852,2023-10-12,CUST852,Female,41,Clothing,1,300,300,0.1392405063291139,Madium,10,2023
852,852,853,2023-05-04,CUST853,Male,21,Beauty,2,500,1000,0.4936708860759494,High,5,2023
853,853,854,2023-12-20,CUST854,Male,29,Clothing,1,50,50,0.0126582278481012,Low,12,2023
854,854,855,2023-09-01,CUST855,Male,54,Beauty,1,25,25,0.0,Low,9,2023
855,855,856,2023-11-27,CUST856,Male,54,Electronics,4,30,120,0.0481012658227848,Madium,11,2023
856,856,857,2023-12-31,CUST857,Male,60,Electronics,2,25,50,0.0126582278481012,Low,12,2023
857,857,858,2023-09-09,CUST858,Male,23,Electronics,2,50,100,0.0379746835443038,Low,9,2023
858,858,859,2023-08-18,CUST859,Female,56,Electronics,3,500,1500,0.7468354430379747,High,8,2023
859,859,860,2023-01-09,CUST860,Male,63,Clothing,4,50,200,0.0886075949367088,Madium,1,2023
860,860,861,2023-02-17,CUST861,Female,41,Clothing,3,30,90,0.0329113924050632,Low,2,2023
861,861,862,2023-05-31,CUST862,Male,28,Electronics,4,300,1200,0.5949367088607594,High,5,2023
862,862,863,2023-04-24,CUST863,Female,30,Electronics,2,25,50,0.0126582278481012,Low,4,2023
863,863,864,2023-07-27,CUST864,Female,51,Electronics,1,500,500,0.240506329113924,Madium,7,2023
864,864,865,2023-12-21,CUST865,Female,42,Clothing,1,300,300,0.1392405063291139,Madium,12,2023
865,865,866,2023-05-05,CUST866,Male,24,Electronics,1,50,50,0.0126582278481012,Low,5,2023
866,866,867,2023-06-06,CUST867,Male,21,Electronics,1,500,500,0.240506329113924,Madium,6,2023
867,867,868,2023-12-06,CUST868,Female,25,Electronics,1,300,300,0.1392405063291139,Madium,12,2023
868,868,869,2023-10-25,CUST869,Male,37,Beauty,3,500,1500,0.7468354430379747,High,10,2023
869,869,870,2023-07-08,CUST870,Female,46,Electronics,4,30,120,0.0481012658227848,Madium,7,2023
870,870,871,2023-08-31,CUST871,Male,62,Beauty,2,30,60,0.0177215189873417,Low,8,2023
871,871,872,2023-10-11,CUST872,Female,63,Beauty,3,25,75,0.0253164556962025,Low,10,2023
872,872,873,2023-09-29,CUST873,Female,27,Electronics,4,25,100,0.0379746835443038,Low,9,2023
873,873,874,2023-06-26,CUST874,Male,60,Beauty,1,30,30,0.0025316455696202,Low,6,2023
874,874,875,2023-08-06,CUST875,Female,51,Electronics,4,500,2000,1.0,High,8,2023
875,875,876,2023-10-09,CUST876,Male,43,Clothing,4,30,120,0.0481012658227848,Madium,10,2023
876,876,877,2023-06-19,CUST877,Female,58,Clothing,1,25,25,0.0,Low,6,2023
877,877,878,2023-06-30,CUST878,Female,20,Clothing,1,30,30,0.0025316455696202,Low,6,2023
878,878,879,2023-12-26,CUST879,Male,23,Clothing,1,30,30,0.0025316455696202,Low,12,2023
879,879,880,2023-08-21,CUST880,Male,22,Beauty,2,500,1000,0.4936708860759494,High,8,2023
880,880,881,2023-05-19,CUST881,Male,22,Electronics,1,300,300,0.1392405063291139,Madium,5,2023
881,881,882,2023-06-06,CUST882,Female,64,Electronics,2,25,50,0.0126582278481012,Low,6,2023
882,882,883,2023-05-09,CUST883,Male,40,Electronics,1,500,500,0.240506329113924,Madium,5,2023
883,883,884,2023-04-29,CUST884,Female,26,Clothing,2,30,60,0.0177215189873417,Low,4,2023
884,884,885,2023-03-03,CUST885,Female,52,Clothing,4,30,120,0.0481012658227848,Madium,3,2023
885,885,886,2023-04-09,CUST886,Male,37,Electronics,3,300,900,0.4430379746835443,,4,2023
886,886,887,2023-06-11,CUST887,Male,59,Clothing,4,25,100,0.0379746835443038,Low,6,2023
887,887,888,2023-03-03,CUST888,Female,52,Electronics,4,25,100,0.0379746835443038,Low,3,2023
888,888,889,2023-10-02,CUST889,Female,35,Electronics,1,50,50,0.0126582278481012,Low,10,2023
889,889,890,2023-12-20,CUST890,Male,34,Electronics,2,25,50,0.0126582278481012,Low,12,2023
890,890,891,2023-04-05,CUST891,Male,41,Electronics,3,300,900,0.4430379746835443,,4,2023
891,891,892,2023-04-09,CUST892,Male,20,Electronics,1,50,50,0.0126582278481012,Low,4,2023
892,892,893,2023-04-21,CUST893,Male,49,Electronics,1,50,50,0.0126582278481012,Low,4,2023
893,893,894,2023-09-05,CUST894,Male,52,Electronics,1,30,30,0.0025316455696202,Low,9,2023
894,894,895,2023-05-22,CUST895,Female,55,Clothing,4,30,120,0.0481012658227848,Madium,5,2023
895,895,896,2023-10-29,CUST896,Female,30,Electronics,2,25,50,0.0126582278481012,Low,10,2023
896,896,897,2023-09-26,CUST897,Female,64,Electronics,2,50,100,0.0379746835443038,Low,9,2023
897,897,898,2023-11-02,CUST898,Female,42,Clothing,3,30,90,0.0329113924050632,Low,11,2023
898,898,899,2023-05-25,CUST899,Male,26,Clothing,2,300,600,0.2911392405063291,,5,2023
899,899,900,2023-02-21,CUST900,Male,21,Clothing,2,30,60,0.0177215189873417,Low,2,2023
900,900,901,2023-04-10,CUST901,Male,31,Electronics,1,30,30,0.0025316455696202,Low,4,2023
901,901,902,2023-06-01,CUST902,Female,54,Beauty,1,50,50,0.0126582278481012,Low,6,2023
902,902,903,2023-04-27,CUST903,Female,51,Beauty,4,50,200,0.0886075949367088,Madium,4,2023
903,903,904,2023-07-04,CUST904,Male,28,Clothing,1,500,500,0.240506329113924,Madium,7,2023
904,904,905,2023-04-02,CUST905,Male,58,Beauty,1,300,300,0.1392405063291139,Madium,4,2023
905,905,906,2023-06-04,CUST906,Female,20,Clothing,1,50,50,0.0126582278481012,Low,6,2023
906,906,907,2023-01-08,CUST907,Female,45,Electronics,1,25,25,0.0,Low,1,2023
907,907,908,2023-12-29,CUST908,Male,46,Beauty,4,300,1200,0.5949367088607594,High,12,2023
908,908,909,2023-10-01,CUST909,Male,26,Electronics,1,300,300,0.1392405063291139,Madium,10,2023
909,909,910,2023-03-06,CUST910,Female,20,Beauty,3,50,150,0.0632911392405063,Madium,3,2023
910,910,911,2023-05-21,CUST911,Male,42,Electronics,3,300,900,0.4430379746835443,,5,2023
911,911,912,2023-01-24,CUST912,Male,51,Beauty,3,50,150,0.0632911392405063,Madium,1,2023
912,912,913,2023-01-28,CUST913,Male,29,Electronics,3,30,90,0.0329113924050632,Low,1,2023
913,913,914,2023-10-11,CUST914,Female,59,Electronics,1,500,500,0.240506329113924,Madium,10,2023
914,914,915,2023-05-30,CUST915,Female,26,Beauty,3,30,90,0.0329113924050632,Low,5,2023
915,915,916,2023-12-24,CUST916,Female,32,Electronics,1,50,50,0.0126582278481012,Low,12,2023
916,916,917,2023-03-06,CUST917,Female,57,Electronics,4,50,200,0.0886075949367088,Madium,3,2023
917,917,918,2023-11-23,CUST918,Female,42,Electronics,3,30,90,0.0329113924050632,Low,11,2023
918,918,919,2023-09-09,CUST919,Female,22,Beauty,2,25,50,0.0126582278481012,Low,9,2023
919,919,920,2023-02-22,CUST920,Female,28,Beauty,3,25,75,0.0253164556962025,Low,2,2023
920,920,921,2023-01-07,CUST921,Male,51,Electronics,3,25,75,0.0253164556962025,Low,1,2023
921,921,922,2023-10-21,CUST922,Male,41,Electronics,1,50,50,0.0126582278481012,Low,10,2023
922,922,923,2023-05-26,CUST923,Male,32,Beauty,3,300,900,0.4430379746835443,,5,2023
923,923,924,2023-08-29,CUST924,Male,55,Beauty,2,50,100,0.0379746835443038,Low,8,2023
924,924,925,2023-09-03,CUST925,Male,25,Electronics,1,300,300,0.1392405063291139,Madium,9,2023
925,925,926,2023-08-14,CUST926,Male,22,Electronics,1,30,30,0.0025316455696202,Low,8,2023
926,926,927,2023-06-24,CUST927,Male,43,Electronics,4,500,2000,1.0,High,6,2023
927,927,928,2023-04-05,CUST928,Female,35,Clothing,4,300,1200,0.5949367088607594,High,4,2023
928,928,929,2023-01-27,CUST929,Female,23,Beauty,3,25,75,0.0253164556962025,Low,1,2023
929,929,930,2023-05-10,CUST930,Male,54,Clothing,4,50,200,0.0886075949367088,Madium,5,2023
930,930,931,2023-09-02,CUST931,Male,30,Beauty,4,30,120,0.0481012658227848,Madium,9,2023
931,931,932,2023-02-28,CUST932,Female,45,Beauty,4,25,100,0.0379746835443038,Low,2,2023
932,932,933,2023-02-03,CUST933,Male,22,Beauty,1,30,30,0.0025316455696202,Low,2,2023
933,933,934,2023-07-25,CUST934,Male,30,Beauty,1,500,500,0.240506329113924,Madium,7,2023
934,934,935,2023-09-09,CUST935,Female,34,Beauty,1,50,50,0.0126582278481012,Low,9,2023
935,935,936,2023-02-07,CUST936,Male,57,Beauty,4,50,200,0.0886075949367088,Madium,2,2023
936,936,937,2023-10-23,CUST937,Female,62,Beauty,1,500,500,0.240506329113924,Madium,10,2023
937,937,938,2023-11-19,CUST938,Male,49,Clothing,4,50,200,0.0886075949367088,Madium,11,2023
938,938,939,2023-12-18,CUST939,Female,46,Electronics,1,300,300,0.1392405063291139,Madium,12,2023
939,939,940,2023-01-28,CUST940,Female,20,Electronics,1,30,30,0.0025316455696202,Low,1,2023
940,940,941,2023-03-19,CUST941,Female,57,Clothing,2,25,50,0.0126582278481012,Low,3,2023
941,941,942,2023-03-18,CUST942,Male,51,Clothing,3,500,1500,0.7468354430379747,High,3,2023
942,942,943,2023-10-16,CUST943,Female,57,Clothing,4,300,1200,0.5949367088607594,High,10,2023
943,943,944,2023-06-05,CUST944,Male,44,Clothing,2,25,50,0.0126582278481012,Low,6,2023
944,944,945,2023-02-13,CUST945,Male,30,Beauty,1,25,25,0.0,Low,2,2023
945,945,946,2023-05-08,CUST946,Male,62,Electronics,4,500,2000,1.0,High,5,2023
946,946,947,2023-03-02,CUST947,Male,50,Beauty,1,300,300,0.1392405063291139,Madium,3,2023
947,947,948,2023-10-13,CUST948,Female,23,Electronics,3,25,75,0.0253164556962025,Low,10,2023
948,948,949,2023-08-02,CUST949,Female,41,Electronics,2,25,50,0.0126582278481012,Low,8,2023
949,949,950,2023-11-07,CUST950,Male,36,Clothing,3,300,900,0.4430379746835443,,11,2023
950,950,951,2023-11-02,CUST951,Male,33,Beauty,2,50,100,0.0379746835443038,Low,11,2023
951,951,952,2023-11-13,CUST952,Female,57,Clothing,1,25,25,0.0,Low,11,2023
952,952,953,2023-04-26,CUST953,Male,45,Beauty,3,30,90,0.0329113924050632,Low,4,2023
953,953,954,2023-09-25,CUST954,Female,50,Electronics,3,300,900,0.4430379746835443,,9,2023
954,954,955,2023-07-14,CUST955,Male,58,Clothing,1,25,25,0.0,Low,7,2023
955,955,956,2023-08-19,CUST956,Male,30,Clothing,3,500,1500,0.7468354430379747,High,8,2023
956,956,957,2023-08-15,CUST957,Female,60,Electronics,4,30,120,0.0481012658227848,Madium,8,2023
957,957,958,2023-06-02,CUST958,Male,62,Electronics,2,25,50,0.0126582278481012,Low,6,2023
958,958,959,2023-10-29,CUST959,Female,42,Electronics,2,30,60,0.0177215189873417,Low,10,2023
959,959,960,2023-08-08,CUST960,Male,59,Clothing,2,30,60,0.0177215189873417,Low,8,2023
960,960,961,2023-06-06,CUST961,Male,53,Beauty,4,50,200,0.0886075949367088,Madium,6,2023
961,961,962,2023-10-19,CUST962,Male,44,Clothing,2,30,60,0.0177215189873417,Low,10,2023
962,962,963,2023-11-14,CUST963,Female,55,Beauty,1,50,50,0.0126582278481012,Low,11,2023
963,963,964,2023-01-31,CUST964,Male,24,Clothing,3,300,900,0.4430379746835443,,1,2023
964,964,965,2023-11-09,CUST965,Male,22,Clothing,4,50,200,0.0886075949367088,Madium,11,2023
965,965,966,2023-02-20,CUST966,Male,60,Electronics,2,500,1000,0.4936708860759494,High,2,2023
966,966,967,2023-04-17,CUST967,Male,62,Beauty,1,25,25,0.0,Low,4,2023
967,967,968,2023-11-17,CUST968,Female,48,Clothing,3,300,900,0.4430379746835443,,11,2023
968,968,969,2023-04-19,CUST969,Female,40,Clothing,3,300,900,0.4430379746835443,,4,2023
969,969,970,2023-05-16,CUST970,Male,59,Electronics,4,500,2000,1.0,High,5,2023
970,970,971,2023-12-05,CUST971,Female,27,Electronics,4,50,200,0.0886075949367088,Madium,12,2023
971,971,972,2023-02-11,CUST972,Male,49,Beauty,4,25,100,0.0379746835443038,Low,2,2023
972,972,973,2023-03-22,CUST973,Male,60,Clothing,1,50,50,0.0126582278481012,Low,3,2023
973,973,974,2023-05-03,CUST974,Male,47,Beauty,1,30,30,0.0025316455696202,Low,5,2023
974,974,975,2023-03-30,CUST975,Female,56,Clothing,4,50,200,0.0886075949367088,Madium,3,2023
975,975,976,2023-10-10,CUST976,Female,48,Beauty,2,300,600,0.2911392405063291,,10,2023
976,976,977,2023-02-08,CUST977,Female,35,Electronics,3,25,75,0.0253164556962025,Low,2,2023
977,977,978,2023-03-22,CUST978,Female,53,Clothing,3,50,150,0.0632911392405063,Madium,3,2023
978,978,979,2023-01-02,CUST979,Female,19,Beauty,1,25,25,0.0,Low,1,2023
979,979,980,2023-07-29,CUST980,Female,31,Electronics,3,25,75,0.0253164556962025,Low,7,2023
980,980,981,2023-08-19,CUST981,Female,30,Electronics,2,30,60,0.0177215189873417,Low,8,2023
981,981,982,2023-12-19,CUST982,Female,46,Beauty,3,30,90,0.0329113924050632,Low,12,2023
982,982,983,2023-11-01,CUST983,Female,29,Clothing,1,300,300,0.1392405063291139,Madium,11,2023
983,983,984,2023-08-29,CUST984,Male,56,Clothing,1,500,500,0.240506329113924,Madium,8,2023
984,984,985,2023-05-30,CUST985,Female,19,Electronics,2,25,50,0.0126582278481012,Low,5,2023
985,985,986,2023-01-17,CUST986,Female,49,Clothing,2,500,1000,0.4936708860759494,High,1,2023
986,986,987,2023-04-29,CUST987,Female,30,Clothing,3,300,900,0.4430379746835443,,4,2023
987,987,988,2023-05-28,CUST988,Female,63,Clothing,3,25,75,0.0253164556962025,Low,5,2023
988,988,989,2023-12-28,CUST989,Female,44,Electronics,1,25,25,0.0,Low,12,2023
989,989,990,2023-05-25,CUST990,Female,58,Beauty,2,500,1000,0.4936708860759494,High,5,2023
990,990,991,2023-12-26,CUST991,Female,34,Clothing,2,50,100,0.0379746835443038,Low,12,2023
991,991,992,2023-08-21,CUST992,Female,57,Electronics,2,30,60,0.0177215189873417,Low,8,2023
992,992,993,2023-02-06,CUST993,Female,48,Electronics,3,50,150,0.0632911392405063,Madium,2,2023
993,993,994,2023-12-18,CUST994,Female,51,Beauty,2,500,1000,0.4936708860759494,High,12,2023
994,994,995,2023-04-30,CUST995,Female,41,Clothing,1,30,30,0.0025316455696202,Low,4,2023
995,995,996,2023-05-16,CUST996,Male,62,Clothing,1,50,50,0.0126582278481012,Low,5,2023
996,996,997,2023-11-17,CUST997,Male,52,Beauty,3,30,90,0.0329113924050632,Low,11,2023
997,997,998,2023-10-29,CUST998,Female,23,Beauty,4,25,100,0.0379746835443038,Low,10,2023
998,998,999,2023-12-05,CUST999,Female,36,Electronics,3,50,150,0.0632911392405063,Madium,12,2023
999,999,1000,2023-04-12,CUST1000,Male,47,Electronics,4,30,120,0.0481012658227848,Madium,4,2023
